CREATE DATABASE  IF NOT EXISTS `gac_data_store` /*!40100 DEFAULT CHARACTER SET utf8 */;
USE `gac_data_store`;
-- MySQL dump 10.13  Distrib 5.7.12, for Win64 (x86_64)
--
-- Host: 127.0.0.1    Database: gac_data_store
-- ------------------------------------------------------
-- Server version	5.7.13-log

/*!40101 SET @OLD_CHARACTER_SET_CLIENT=@@CHARACTER_SET_CLIENT */;
/*!40101 SET @OLD_CHARACTER_SET_RESULTS=@@CHARACTER_SET_RESULTS */;
/*!40101 SET @OLD_COLLATION_CONNECTION=@@COLLATION_CONNECTION */;
/*!40101 SET NAMES utf8 */;
/*!40103 SET @OLD_TIME_ZONE=@@TIME_ZONE */;
/*!40103 SET TIME_ZONE='+00:00' */;
/*!40014 SET @OLD_UNIQUE_CHECKS=@@UNIQUE_CHECKS, UNIQUE_CHECKS=0 */;
/*!40014 SET @OLD_FOREIGN_KEY_CHECKS=@@FOREIGN_KEY_CHECKS, FOREIGN_KEY_CHECKS=0 */;
/*!40101 SET @OLD_SQL_MODE=@@SQL_MODE, SQL_MODE='NO_AUTO_VALUE_ON_ZERO' */;
/*!40111 SET @OLD_SQL_NOTES=@@SQL_NOTES, SQL_NOTES=0 */;

--
-- Table structure for table `accounts`
--

DROP TABLE IF EXISTS `accounts`;
/*!40101 SET @saved_cs_client     = @@character_set_client */;
/*!40101 SET character_set_client = utf8 */;
CREATE TABLE `accounts` (
  `id` bigint(20) NOT NULL AUTO_INCREMENT,
  `name` varchar(200) NOT NULL,
  `abbreviation` varchar(50) DEFAULT NULL,
  `address` varchar(200) DEFAULT NULL,
  `profile` varchar(100) DEFAULT NULL,
  `accountType` varchar(20) DEFAULT NULL,
  `stockDetails` decimal(30,2) DEFAULT NULL,
  `dividendPerShare` decimal(30,2) DEFAULT NULL,
  `debtEBITDA` decimal(30,2) DEFAULT NULL,
  `debtEquity` decimal(30,2) DEFAULT NULL,
  `ePSpending` decimal(30,2) DEFAULT NULL,
  `capexCost` decimal(30,2) DEFAULT NULL,
  `liftingCost` decimal(30,2) DEFAULT NULL,
  `explorationAmount` decimal(30,2) DEFAULT NULL,
  `areaOfOperation` varchar(200) DEFAULT NULL,
  `site` varchar(200) DEFAULT NULL,
  `primaryAccountRep` varchar(200) DEFAULT NULL,
  `city` varchar(200) DEFAULT NULL,
  `createdBy` varchar(50) NOT NULL,
  `updatedBy` varchar(50) NOT NULL,
  `createdAt` datetime NOT NULL,
  `updatedAt` datetime NOT NULL,
  `customerId` bigint(20) DEFAULT NULL,
  `subGeoMarketId` bigint(20) DEFAULT NULL,
  `countryId` bigint(20) DEFAULT NULL,
  `accountCreditRatingId` bigint(20) DEFAULT NULL,
  PRIMARY KEY (`id`),
  KEY `customerId` (`customerId`),
  KEY `subGeoMarketId` (`subGeoMarketId`),
  KEY `countryId` (`countryId`),
  KEY `accountCreditRatingId` (`accountCreditRatingId`),
  CONSTRAINT `accounts_ibfk_1` FOREIGN KEY (`customerId`) REFERENCES `customers` (`id`) ON DELETE SET NULL ON UPDATE CASCADE,
  CONSTRAINT `accounts_ibfk_2` FOREIGN KEY (`subGeoMarketId`) REFERENCES `subgeomarkets` (`id`) ON DELETE SET NULL ON UPDATE CASCADE,
  CONSTRAINT `accounts_ibfk_3` FOREIGN KEY (`countryId`) REFERENCES `countries` (`id`) ON DELETE SET NULL ON UPDATE CASCADE,
  CONSTRAINT `accounts_ibfk_4` FOREIGN KEY (`accountCreditRatingId`) REFERENCES `referencevalues` (`id`) ON DELETE SET NULL ON UPDATE CASCADE
) ENGINE=InnoDB AUTO_INCREMENT=181 DEFAULT CHARSET=utf8;
/*!40101 SET character_set_client = @saved_cs_client */;

--
-- Dumping data for table `accounts`
--

LOCK TABLES `accounts` WRITE;
/*!40000 ALTER TABLE `accounts` DISABLE KEYS */;
INSERT INTO `accounts` VALUES (1,'APSL-ARM-SY',NULL,NULL,NULL,'Account Type',NULL,NULL,NULL,NULL,NULL,NULL,NULL,NULL,NULL,NULL,NULL,NULL,'bulk','bulk','2016-07-15 16:53:53','2016-07-15 16:53:53',1,12,1,10),(2,'APSL-CEU-MO',NULL,NULL,NULL,'Account Type',NULL,NULL,NULL,NULL,NULL,NULL,NULL,NULL,NULL,NULL,NULL,NULL,'bulk','bulk','2016-07-15 16:53:53','2016-07-15 16:53:53',1,9,2,10),(3,'APSL-SEA-IN',NULL,NULL,NULL,'Account Type',NULL,NULL,NULL,NULL,NULL,NULL,NULL,NULL,NULL,NULL,NULL,NULL,'bulk','bulk','2016-07-15 16:53:53','2016-07-15 16:53:53',1,13,3,7),(4,'APSL-NGA-GA',NULL,NULL,NULL,'Account Type',NULL,NULL,NULL,NULL,NULL,NULL,NULL,NULL,NULL,NULL,NULL,NULL,'bulk','bulk','2016-07-15 16:53:53','2016-07-15 16:53:53',1,14,4,7),(5,'APSL-USL-UN',NULL,NULL,NULL,'Account Type',NULL,NULL,NULL,NULL,NULL,NULL,NULL,NULL,NULL,NULL,NULL,NULL,'bulk','bulk','2016-07-15 16:53:53','2016-07-15 16:53:53',1,15,5,10),(6,'APSL-NGA-BU',NULL,NULL,NULL,'Account Type',NULL,NULL,NULL,NULL,NULL,NULL,NULL,NULL,NULL,NULL,NULL,NULL,'bulk','bulk','2016-07-15 16:53:53','2016-07-15 16:53:53',1,14,6,10),(7,'APSL-NGA-SI',NULL,NULL,NULL,'Account Type',NULL,NULL,NULL,NULL,NULL,NULL,NULL,NULL,NULL,NULL,NULL,NULL,'bulk','bulk','2016-07-15 16:53:53','2016-07-15 16:53:53',1,14,7,7),(8,'APSL-CEU-FR',NULL,NULL,NULL,'Account Type',NULL,NULL,NULL,NULL,NULL,NULL,NULL,NULL,NULL,NULL,NULL,NULL,'bulk','bulk','2016-07-15 16:53:53','2016-07-15 16:53:53',1,9,8,9),(9,'APSL-NAG-TU',NULL,NULL,NULL,'Account Type',NULL,NULL,NULL,NULL,NULL,NULL,NULL,NULL,NULL,NULL,NULL,NULL,'bulk','bulk','2016-07-15 16:53:53','2016-07-15 16:53:53',1,11,9,7),(10,'APSL-CEU-RU',NULL,NULL,NULL,'Account Type',NULL,NULL,NULL,NULL,NULL,NULL,NULL,NULL,NULL,NULL,NULL,NULL,'bulk','bulk','2016-07-15 16:53:53','2016-07-15 16:53:53',1,9,10,7),(11,'APSL-CAN-CA',NULL,NULL,NULL,'Account Type',NULL,NULL,NULL,NULL,NULL,NULL,NULL,NULL,NULL,NULL,NULL,NULL,'bulk','bulk','2016-07-15 16:53:53','2016-07-15 16:53:53',1,16,11,10),(12,'APSL-CEU-FI',NULL,NULL,NULL,'Account Type',NULL,NULL,NULL,NULL,NULL,NULL,NULL,NULL,NULL,NULL,NULL,NULL,'bulk','bulk','2016-07-15 16:53:53','2016-07-15 16:53:53',1,9,12,9),(13,'ABKPC-ARM-SY',NULL,NULL,NULL,'Account Type',NULL,NULL,NULL,NULL,NULL,NULL,NULL,NULL,NULL,NULL,NULL,NULL,'bulk','bulk','2016-07-15 16:53:53','2016-07-15 16:53:53',2,12,1,10),(14,'ABKPC-CEU-MO',NULL,NULL,NULL,'Account Type',NULL,NULL,NULL,NULL,NULL,NULL,NULL,NULL,NULL,NULL,NULL,NULL,'bulk','bulk','2016-07-15 16:53:53','2016-07-15 16:53:53',2,9,2,10),(15,'ABKPC-SEA-IN',NULL,NULL,NULL,'Account Type',NULL,NULL,NULL,NULL,NULL,NULL,NULL,NULL,NULL,NULL,NULL,NULL,'bulk','bulk','2016-07-15 16:53:53','2016-07-15 16:53:53',2,13,3,10),(16,'ABKPC-NGA-GA',NULL,NULL,NULL,'Account Type',NULL,NULL,NULL,NULL,NULL,NULL,NULL,NULL,NULL,NULL,NULL,NULL,'bulk','bulk','2016-07-15 16:53:53','2016-07-15 16:53:53',2,14,4,8),(17,'ABKPC-USL-UN',NULL,NULL,NULL,'Account Type',NULL,NULL,NULL,NULL,NULL,NULL,NULL,NULL,NULL,NULL,NULL,NULL,'bulk','bulk','2016-07-15 16:53:53','2016-07-15 16:53:53',2,15,5,9),(18,'ABKPC-NGA-BU',NULL,NULL,NULL,'Account Type',NULL,NULL,NULL,NULL,NULL,NULL,NULL,NULL,NULL,NULL,NULL,NULL,'bulk','bulk','2016-07-15 16:53:53','2016-07-15 16:53:53',2,14,6,10),(19,'ABKPC-NGA-SI',NULL,NULL,NULL,'Account Type',NULL,NULL,NULL,NULL,NULL,NULL,NULL,NULL,NULL,NULL,NULL,NULL,'bulk','bulk','2016-07-15 16:53:53','2016-07-15 16:53:53',2,14,7,8),(20,'ABKPC-CEU-FR',NULL,NULL,NULL,'Account Type',NULL,NULL,NULL,NULL,NULL,NULL,NULL,NULL,NULL,NULL,NULL,NULL,'bulk','bulk','2016-07-15 16:53:53','2016-07-15 16:53:53',2,9,8,10),(21,'ABKPC-NAG-TU',NULL,NULL,NULL,'Account Type',NULL,NULL,NULL,NULL,NULL,NULL,NULL,NULL,NULL,NULL,NULL,NULL,'bulk','bulk','2016-07-15 16:53:53','2016-07-15 16:53:53',2,11,9,10),(22,'ABKPC-CEU-RU',NULL,NULL,NULL,'Account Type',NULL,NULL,NULL,NULL,NULL,NULL,NULL,NULL,NULL,NULL,NULL,NULL,'bulk','bulk','2016-07-15 16:53:53','2016-07-15 16:53:53',2,9,10,8),(23,'ABKPC-CAN-CA',NULL,NULL,NULL,'Account Type',NULL,NULL,NULL,NULL,NULL,NULL,NULL,NULL,NULL,NULL,NULL,NULL,'bulk','bulk','2016-07-15 16:53:53','2016-07-15 16:53:53',2,16,11,7),(24,'ABKPC-CEU-FI',NULL,NULL,NULL,'Account Type',NULL,NULL,NULL,NULL,NULL,NULL,NULL,NULL,NULL,NULL,NULL,NULL,'bulk','bulk','2016-07-15 16:53:53','2016-07-15 16:53:53',2,9,12,9),(25,'ABETGC-ARM-SY',NULL,NULL,NULL,'Account Type',NULL,NULL,NULL,NULL,NULL,NULL,NULL,NULL,NULL,NULL,NULL,NULL,'bulk','bulk','2016-07-15 16:53:53','2016-07-15 16:53:53',3,12,1,9),(26,'ABETGC-CEU-MO',NULL,NULL,NULL,'Account Type',NULL,NULL,NULL,NULL,NULL,NULL,NULL,NULL,NULL,NULL,NULL,NULL,'bulk','bulk','2016-07-15 16:53:53','2016-07-15 16:53:53',3,9,2,8),(27,'ABETGC-SEA-IN',NULL,NULL,NULL,'Account Type',NULL,NULL,NULL,NULL,NULL,NULL,NULL,NULL,NULL,NULL,NULL,NULL,'bulk','bulk','2016-07-15 16:53:53','2016-07-15 16:53:53',3,13,3,7),(28,'ABETGC-NGA-GA',NULL,NULL,NULL,'Account Type',NULL,NULL,NULL,NULL,NULL,NULL,NULL,NULL,NULL,NULL,NULL,NULL,'bulk','bulk','2016-07-15 16:53:53','2016-07-15 16:53:53',3,14,4,9),(29,'ABETGC-USL-UN',NULL,NULL,NULL,'Account Type',NULL,NULL,NULL,NULL,NULL,NULL,NULL,NULL,NULL,NULL,NULL,NULL,'bulk','bulk','2016-07-15 16:53:53','2016-07-15 16:53:53',3,15,5,8),(30,'ABETGC-NGA-BU',NULL,NULL,NULL,'Account Type',NULL,NULL,NULL,NULL,NULL,NULL,NULL,NULL,NULL,NULL,NULL,NULL,'bulk','bulk','2016-07-15 16:53:53','2016-07-15 16:53:53',3,14,6,10),(31,'ABETGC-NGA-SI',NULL,NULL,NULL,'Account Type',NULL,NULL,NULL,NULL,NULL,NULL,NULL,NULL,NULL,NULL,NULL,NULL,'bulk','bulk','2016-07-15 16:53:53','2016-07-15 16:53:53',3,14,7,9),(32,'ABETGC-CEU-FR',NULL,NULL,NULL,'Account Type',NULL,NULL,NULL,NULL,NULL,NULL,NULL,NULL,NULL,NULL,NULL,NULL,'bulk','bulk','2016-07-15 16:53:53','2016-07-15 16:53:53',3,9,8,9),(33,'ABETGC-NAG-TU',NULL,NULL,NULL,'Account Type',NULL,NULL,NULL,NULL,NULL,NULL,NULL,NULL,NULL,NULL,NULL,NULL,'bulk','bulk','2016-07-15 16:53:53','2016-07-15 16:53:53',3,11,9,7),(34,'ABETGC-CEU-RU',NULL,NULL,NULL,'Account Type',NULL,NULL,NULL,NULL,NULL,NULL,NULL,NULL,NULL,NULL,NULL,NULL,'bulk','bulk','2016-07-15 16:53:53','2016-07-15 16:53:53',3,9,10,9),(35,'ABETGC-CAN-CA',NULL,NULL,NULL,'Account Type',NULL,NULL,NULL,NULL,NULL,NULL,NULL,NULL,NULL,NULL,NULL,NULL,'bulk','bulk','2016-07-15 16:53:53','2016-07-15 16:53:53',3,16,11,8),(36,'ABETGC-CEU-FI',NULL,NULL,NULL,'Account Type',NULL,NULL,NULL,NULL,NULL,NULL,NULL,NULL,NULL,NULL,NULL,NULL,'bulk','bulk','2016-07-15 16:53:53','2016-07-15 16:53:53',3,9,12,10),(37,'ARPC-ARM-SY',NULL,NULL,NULL,'Account Type',NULL,NULL,NULL,NULL,NULL,NULL,NULL,NULL,NULL,NULL,NULL,NULL,'bulk','bulk','2016-07-15 16:53:53','2016-07-15 16:53:53',4,12,1,8),(38,'ARPC-CEU-MO',NULL,NULL,NULL,'Account Type',NULL,NULL,NULL,NULL,NULL,NULL,NULL,NULL,NULL,NULL,NULL,NULL,'bulk','bulk','2016-07-15 16:53:53','2016-07-15 16:53:53',4,9,2,8),(39,'ARPC-SEA-IN',NULL,NULL,NULL,'Account Type',NULL,NULL,NULL,NULL,NULL,NULL,NULL,NULL,NULL,NULL,NULL,NULL,'bulk','bulk','2016-07-15 16:53:53','2016-07-15 16:53:53',4,13,3,9),(40,'ARPC-NGA-GA',NULL,NULL,NULL,'Account Type',NULL,NULL,NULL,NULL,NULL,NULL,NULL,NULL,NULL,NULL,NULL,NULL,'bulk','bulk','2016-07-15 16:53:53','2016-07-15 16:53:53',4,14,4,10),(41,'ARPC-USL-UN',NULL,NULL,NULL,'Account Type',NULL,NULL,NULL,NULL,NULL,NULL,NULL,NULL,NULL,NULL,NULL,NULL,'bulk','bulk','2016-07-15 16:53:53','2016-07-15 16:53:53',4,15,5,7),(42,'ARPC-NGA-BU',NULL,NULL,NULL,'Account Type',NULL,NULL,NULL,NULL,NULL,NULL,NULL,NULL,NULL,NULL,NULL,NULL,'bulk','bulk','2016-07-15 16:53:53','2016-07-15 16:53:53',4,14,6,9),(43,'ARPC-NGA-SI',NULL,NULL,NULL,'Account Type',NULL,NULL,NULL,NULL,NULL,NULL,NULL,NULL,NULL,NULL,NULL,NULL,'bulk','bulk','2016-07-15 16:53:53','2016-07-15 16:53:53',4,14,7,7),(44,'ARPC-CEU-FR',NULL,NULL,NULL,'Account Type',NULL,NULL,NULL,NULL,NULL,NULL,NULL,NULL,NULL,NULL,NULL,NULL,'bulk','bulk','2016-07-15 16:53:53','2016-07-15 16:53:53',4,9,8,7),(45,'ARPC-NAG-TU',NULL,NULL,NULL,'Account Type',NULL,NULL,NULL,NULL,NULL,NULL,NULL,NULL,NULL,NULL,NULL,NULL,'bulk','bulk','2016-07-15 16:53:53','2016-07-15 16:53:53',4,11,9,7),(46,'ARPC-CEU-RU',NULL,NULL,NULL,'Account Type',NULL,NULL,NULL,NULL,NULL,NULL,NULL,NULL,NULL,NULL,NULL,NULL,'bulk','bulk','2016-07-15 16:53:53','2016-07-15 16:53:53',4,9,10,9),(47,'ARPC-CAN-CA',NULL,NULL,NULL,'Account Type',NULL,NULL,NULL,NULL,NULL,NULL,NULL,NULL,NULL,NULL,NULL,NULL,'bulk','bulk','2016-07-15 16:53:53','2016-07-15 16:53:53',4,16,11,9),(48,'ARPC-CEU-FI',NULL,NULL,NULL,'Account Type',NULL,NULL,NULL,NULL,NULL,NULL,NULL,NULL,NULL,NULL,NULL,NULL,'bulk','bulk','2016-07-15 16:53:53','2016-07-15 16:53:53',4,9,12,7),(49,'APGUL-ARM-SY',NULL,NULL,NULL,'Account Type',NULL,NULL,NULL,NULL,NULL,NULL,NULL,NULL,NULL,NULL,NULL,NULL,'bulk','bulk','2016-07-15 16:53:53','2016-07-15 16:53:53',5,12,1,8),(50,'APGUL-CEU-MO',NULL,NULL,NULL,'Account Type',NULL,NULL,NULL,NULL,NULL,NULL,NULL,NULL,NULL,NULL,NULL,NULL,'bulk','bulk','2016-07-15 16:53:53','2016-07-15 16:53:53',5,9,2,7),(51,'APGUL-SEA-IN',NULL,NULL,NULL,'Account Type',NULL,NULL,NULL,NULL,NULL,NULL,NULL,NULL,NULL,NULL,NULL,NULL,'bulk','bulk','2016-07-15 16:53:53','2016-07-15 16:53:53',5,13,3,7),(52,'APGUL-NGA-GA',NULL,NULL,NULL,'Account Type',NULL,NULL,NULL,NULL,NULL,NULL,NULL,NULL,NULL,NULL,NULL,NULL,'bulk','bulk','2016-07-15 16:53:53','2016-07-15 16:53:53',5,14,4,8),(53,'APGUL-USL-UN',NULL,NULL,NULL,'Account Type',NULL,NULL,NULL,NULL,NULL,NULL,NULL,NULL,NULL,NULL,NULL,NULL,'bulk','bulk','2016-07-15 16:53:53','2016-07-15 16:53:53',5,15,5,8),(54,'APGUL-NGA-BU',NULL,NULL,NULL,'Account Type',NULL,NULL,NULL,NULL,NULL,NULL,NULL,NULL,NULL,NULL,NULL,NULL,'bulk','bulk','2016-07-15 16:53:53','2016-07-15 16:53:53',5,14,6,8),(55,'APGUL-NGA-SI',NULL,NULL,NULL,'Account Type',NULL,NULL,NULL,NULL,NULL,NULL,NULL,NULL,NULL,NULL,NULL,NULL,'bulk','bulk','2016-07-15 16:53:53','2016-07-15 16:53:53',5,14,7,9),(56,'APGUL-CEU-FR',NULL,NULL,NULL,'Account Type',NULL,NULL,NULL,NULL,NULL,NULL,NULL,NULL,NULL,NULL,NULL,NULL,'bulk','bulk','2016-07-15 16:53:53','2016-07-15 16:53:53',5,9,8,8),(57,'APGUL-NAG-TU',NULL,NULL,NULL,'Account Type',NULL,NULL,NULL,NULL,NULL,NULL,NULL,NULL,NULL,NULL,NULL,NULL,'bulk','bulk','2016-07-15 16:53:53','2016-07-15 16:53:53',5,11,9,8),(58,'APGUL-CEU-RU',NULL,NULL,NULL,'Account Type',NULL,NULL,NULL,NULL,NULL,NULL,NULL,NULL,NULL,NULL,NULL,NULL,'bulk','bulk','2016-07-15 16:53:53','2016-07-15 16:53:53',5,9,10,9),(59,'APGUL-CAN-CA',NULL,NULL,NULL,'Account Type',NULL,NULL,NULL,NULL,NULL,NULL,NULL,NULL,NULL,NULL,NULL,NULL,'bulk','bulk','2016-07-15 16:53:53','2016-07-15 16:53:53',5,16,11,10),(60,'APGUL-CEU-FI',NULL,NULL,NULL,'Account Type',NULL,NULL,NULL,NULL,NULL,NULL,NULL,NULL,NULL,NULL,NULL,NULL,'bulk','bulk','2016-07-15 16:53:53','2016-07-15 16:53:53',5,9,12,7),(61,'BPOCL-ARM-SY',NULL,NULL,NULL,'Account Type',NULL,NULL,NULL,NULL,NULL,NULL,NULL,NULL,NULL,NULL,NULL,NULL,'bulk','bulk','2016-07-15 16:53:53','2016-07-15 16:53:53',6,12,1,8),(62,'BPOCL-CEU-MO',NULL,NULL,NULL,'Account Type',NULL,NULL,NULL,NULL,NULL,NULL,NULL,NULL,NULL,NULL,NULL,NULL,'bulk','bulk','2016-07-15 16:53:53','2016-07-15 16:53:53',6,9,2,9),(63,'BPOCL-SEA-IN',NULL,NULL,NULL,'Account Type',NULL,NULL,NULL,NULL,NULL,NULL,NULL,NULL,NULL,NULL,NULL,NULL,'bulk','bulk','2016-07-15 16:53:53','2016-07-15 16:53:53',6,13,3,7),(64,'BPOCL-NGA-GA',NULL,NULL,NULL,'Account Type',NULL,NULL,NULL,NULL,NULL,NULL,NULL,NULL,NULL,NULL,NULL,NULL,'bulk','bulk','2016-07-15 16:53:53','2016-07-15 16:53:53',6,14,4,10),(65,'BPOCL-USL-UN',NULL,NULL,NULL,'Account Type',NULL,NULL,NULL,NULL,NULL,NULL,NULL,NULL,NULL,NULL,NULL,NULL,'bulk','bulk','2016-07-15 16:53:53','2016-07-15 16:53:53',6,15,5,10),(66,'BPOCL-NGA-BU',NULL,NULL,NULL,'Account Type',NULL,NULL,NULL,NULL,NULL,NULL,NULL,NULL,NULL,NULL,NULL,NULL,'bulk','bulk','2016-07-15 16:53:53','2016-07-15 16:53:53',6,14,6,9),(67,'BPOCL-NGA-SI',NULL,NULL,NULL,'Account Type',NULL,NULL,NULL,NULL,NULL,NULL,NULL,NULL,NULL,NULL,NULL,NULL,'bulk','bulk','2016-07-15 16:53:53','2016-07-15 16:53:53',6,14,7,9),(68,'BPOCL-CEU-FR',NULL,NULL,NULL,'Account Type',NULL,NULL,NULL,NULL,NULL,NULL,NULL,NULL,NULL,NULL,NULL,NULL,'bulk','bulk','2016-07-15 16:53:53','2016-07-15 16:53:53',6,9,8,10),(69,'BPOCL-NAG-TU',NULL,NULL,NULL,'Account Type',NULL,NULL,NULL,NULL,NULL,NULL,NULL,NULL,NULL,NULL,NULL,NULL,'bulk','bulk','2016-07-15 16:53:53','2016-07-15 16:53:53',6,11,9,9),(70,'BPOCL-CEU-RU',NULL,NULL,NULL,'Account Type',NULL,NULL,NULL,NULL,NULL,NULL,NULL,NULL,NULL,NULL,NULL,NULL,'bulk','bulk','2016-07-15 16:53:53','2016-07-15 16:53:53',6,9,10,10),(71,'BPOCL-CAN-CA',NULL,NULL,NULL,'Account Type',NULL,NULL,NULL,NULL,NULL,NULL,NULL,NULL,NULL,NULL,NULL,NULL,'bulk','bulk','2016-07-15 16:53:53','2016-07-15 16:53:53',6,16,11,9),(72,'BPOCL-CEU-FI',NULL,NULL,NULL,'Account Type',NULL,NULL,NULL,NULL,NULL,NULL,NULL,NULL,NULL,NULL,NULL,NULL,'bulk','bulk','2016-07-15 16:53:53','2016-07-15 16:53:53',6,9,12,10),(73,'BPUK-ARM-SY',NULL,NULL,NULL,'Account Type',NULL,NULL,NULL,NULL,NULL,NULL,NULL,NULL,NULL,NULL,NULL,NULL,'bulk','bulk','2016-07-15 16:53:53','2016-07-15 16:53:53',7,12,1,8),(74,'BPUK-CEU-MO',NULL,NULL,NULL,'Account Type',NULL,NULL,NULL,NULL,NULL,NULL,NULL,NULL,NULL,NULL,NULL,NULL,'bulk','bulk','2016-07-15 16:53:53','2016-07-15 16:53:53',7,9,2,9),(75,'BPUK-SEA-IN',NULL,NULL,NULL,'Account Type',NULL,NULL,NULL,NULL,NULL,NULL,NULL,NULL,NULL,NULL,NULL,NULL,'bulk','bulk','2016-07-15 16:53:53','2016-07-15 16:53:53',7,13,3,8),(76,'BPUK-NGA-GA',NULL,NULL,NULL,'Account Type',NULL,NULL,NULL,NULL,NULL,NULL,NULL,NULL,NULL,NULL,NULL,NULL,'bulk','bulk','2016-07-15 16:53:53','2016-07-15 16:53:53',7,14,4,7),(77,'BPUK-USL-UN',NULL,NULL,NULL,'Account Type',NULL,NULL,NULL,NULL,NULL,NULL,NULL,NULL,NULL,NULL,NULL,NULL,'bulk','bulk','2016-07-15 16:53:53','2016-07-15 16:53:53',7,15,5,9),(78,'BPUK-NGA-BU',NULL,NULL,NULL,'Account Type',NULL,NULL,NULL,NULL,NULL,NULL,NULL,NULL,NULL,NULL,NULL,NULL,'bulk','bulk','2016-07-15 16:53:53','2016-07-15 16:53:53',7,14,6,9),(79,'BPUK-NGA-SI',NULL,NULL,NULL,'Account Type',NULL,NULL,NULL,NULL,NULL,NULL,NULL,NULL,NULL,NULL,NULL,NULL,'bulk','bulk','2016-07-15 16:53:53','2016-07-15 16:53:53',7,14,7,10),(80,'BPUK-CEU-FR',NULL,NULL,NULL,'Account Type',NULL,NULL,NULL,NULL,NULL,NULL,NULL,NULL,NULL,NULL,NULL,NULL,'bulk','bulk','2016-07-15 16:53:53','2016-07-15 16:53:53',7,9,8,10),(81,'BPUK-NAG-TU',NULL,NULL,NULL,'Account Type',NULL,NULL,NULL,NULL,NULL,NULL,NULL,NULL,NULL,NULL,NULL,NULL,'bulk','bulk','2016-07-15 16:53:53','2016-07-15 16:53:53',7,11,9,8),(82,'BPUK-CEU-RU',NULL,NULL,NULL,'Account Type',NULL,NULL,NULL,NULL,NULL,NULL,NULL,NULL,NULL,NULL,NULL,NULL,'bulk','bulk','2016-07-15 16:53:53','2016-07-15 16:53:53',7,9,10,8),(83,'BPUK-CAN-CA',NULL,NULL,NULL,'Account Type',NULL,NULL,NULL,NULL,NULL,NULL,NULL,NULL,NULL,NULL,NULL,NULL,'bulk','bulk','2016-07-15 16:53:53','2016-07-15 16:53:53',7,16,11,10),(84,'BPUK-CEU-FI',NULL,NULL,NULL,'Account Type',NULL,NULL,NULL,NULL,NULL,NULL,NULL,NULL,NULL,NULL,NULL,NULL,'bulk','bulk','2016-07-15 16:53:53','2016-07-15 16:53:53',7,9,12,10),(85,'ARW-ARM-SY',NULL,NULL,NULL,'Account Type',NULL,NULL,NULL,NULL,NULL,NULL,NULL,NULL,NULL,NULL,NULL,NULL,'bulk','bulk','2016-07-15 16:53:53','2016-07-15 16:53:53',8,12,1,8),(86,'ARW-CEU-MO',NULL,NULL,NULL,'Account Type',NULL,NULL,NULL,NULL,NULL,NULL,NULL,NULL,NULL,NULL,NULL,NULL,'bulk','bulk','2016-07-15 16:53:53','2016-07-15 16:53:53',8,9,2,8),(87,'ARW-SEA-IN',NULL,NULL,NULL,'Account Type',NULL,NULL,NULL,NULL,NULL,NULL,NULL,NULL,NULL,NULL,NULL,NULL,'bulk','bulk','2016-07-15 16:53:53','2016-07-15 16:53:53',8,13,3,7),(88,'ARW-NGA-GA',NULL,NULL,NULL,'Account Type',NULL,NULL,NULL,NULL,NULL,NULL,NULL,NULL,NULL,NULL,NULL,NULL,'bulk','bulk','2016-07-15 16:53:53','2016-07-15 16:53:53',8,14,4,8),(89,'ARW-USL-UN',NULL,NULL,NULL,'Account Type',NULL,NULL,NULL,NULL,NULL,NULL,NULL,NULL,NULL,NULL,NULL,NULL,'bulk','bulk','2016-07-15 16:53:53','2016-07-15 16:53:53',8,15,5,9),(90,'ARW-NGA-BU',NULL,NULL,NULL,'Account Type',NULL,NULL,NULL,NULL,NULL,NULL,NULL,NULL,NULL,NULL,NULL,NULL,'bulk','bulk','2016-07-15 16:53:53','2016-07-15 16:53:53',8,14,6,10),(91,'ARW-NGA-SI',NULL,NULL,NULL,'Account Type',NULL,NULL,NULL,NULL,NULL,NULL,NULL,NULL,NULL,NULL,NULL,NULL,'bulk','bulk','2016-07-15 16:53:53','2016-07-15 16:53:53',8,14,7,9),(92,'ARW-CEU-FR',NULL,NULL,NULL,'Account Type',NULL,NULL,NULL,NULL,NULL,NULL,NULL,NULL,NULL,NULL,NULL,NULL,'bulk','bulk','2016-07-15 16:53:53','2016-07-15 16:53:53',8,9,8,8),(93,'ARW-NAG-TU',NULL,NULL,NULL,'Account Type',NULL,NULL,NULL,NULL,NULL,NULL,NULL,NULL,NULL,NULL,NULL,NULL,'bulk','bulk','2016-07-15 16:53:53','2016-07-15 16:53:53',8,11,9,10),(94,'ARW-CEU-RU',NULL,NULL,NULL,'Account Type',NULL,NULL,NULL,NULL,NULL,NULL,NULL,NULL,NULL,NULL,NULL,NULL,'bulk','bulk','2016-07-15 16:53:53','2016-07-15 16:53:53',8,9,10,9),(95,'ARW-CAN-CA',NULL,NULL,NULL,'Account Type',NULL,NULL,NULL,NULL,NULL,NULL,NULL,NULL,NULL,NULL,NULL,NULL,'bulk','bulk','2016-07-15 16:53:53','2016-07-15 16:53:53',8,16,11,7),(96,'ARW-CEU-FI',NULL,NULL,NULL,'Account Type',NULL,NULL,NULL,NULL,NULL,NULL,NULL,NULL,NULL,NULL,NULL,NULL,'bulk','bulk','2016-07-15 16:53:53','2016-07-15 16:53:53',8,9,12,8),(97,'CNOO-ARM-SY',NULL,NULL,NULL,'Account Type',NULL,NULL,NULL,NULL,NULL,NULL,NULL,NULL,NULL,NULL,NULL,NULL,'bulk','bulk','2016-07-15 16:53:53','2016-07-15 16:53:53',9,12,1,8),(98,'CNOO-CEU-MO',NULL,NULL,NULL,'Account Type',NULL,NULL,NULL,NULL,NULL,NULL,NULL,NULL,NULL,NULL,NULL,NULL,'bulk','bulk','2016-07-15 16:53:53','2016-07-15 16:53:53',9,9,2,9),(99,'CNOO-SEA-IN',NULL,NULL,NULL,'Account Type',NULL,NULL,NULL,NULL,NULL,NULL,NULL,NULL,NULL,NULL,NULL,NULL,'bulk','bulk','2016-07-15 16:53:53','2016-07-15 16:53:53',9,13,3,9),(100,'CNOO-NGA-GA',NULL,NULL,NULL,'Account Type',NULL,NULL,NULL,NULL,NULL,NULL,NULL,NULL,NULL,NULL,NULL,NULL,'bulk','bulk','2016-07-15 16:53:53','2016-07-15 16:53:53',9,14,4,10),(101,'CNOO-USL-UN',NULL,NULL,NULL,'Account Type',NULL,NULL,NULL,NULL,NULL,NULL,NULL,NULL,NULL,NULL,NULL,NULL,'bulk','bulk','2016-07-15 16:53:53','2016-07-15 16:53:53',9,15,5,9),(102,'CNOO-NGA-BU',NULL,NULL,NULL,'Account Type',NULL,NULL,NULL,NULL,NULL,NULL,NULL,NULL,NULL,NULL,NULL,NULL,'bulk','bulk','2016-07-15 16:53:53','2016-07-15 16:53:53',9,14,6,7),(103,'CNOO-NGA-SI',NULL,NULL,NULL,'Account Type',NULL,NULL,NULL,NULL,NULL,NULL,NULL,NULL,NULL,NULL,NULL,NULL,'bulk','bulk','2016-07-15 16:53:53','2016-07-15 16:53:53',9,14,7,9),(104,'CNOO-CEU-FR',NULL,NULL,NULL,'Account Type',NULL,NULL,NULL,NULL,NULL,NULL,NULL,NULL,NULL,NULL,NULL,NULL,'bulk','bulk','2016-07-15 16:53:53','2016-07-15 16:53:53',9,9,8,9),(105,'CNOO-NAG-TU',NULL,NULL,NULL,'Account Type',NULL,NULL,NULL,NULL,NULL,NULL,NULL,NULL,NULL,NULL,NULL,NULL,'bulk','bulk','2016-07-15 16:53:53','2016-07-15 16:53:53',9,11,9,7),(106,'CNOO-CEU-RU',NULL,NULL,NULL,'Account Type',NULL,NULL,NULL,NULL,NULL,NULL,NULL,NULL,NULL,NULL,NULL,NULL,'bulk','bulk','2016-07-15 16:53:53','2016-07-15 16:53:53',9,9,10,10),(107,'CNOO-CAN-CA',NULL,NULL,NULL,'Account Type',NULL,NULL,NULL,NULL,NULL,NULL,NULL,NULL,NULL,NULL,NULL,NULL,'bulk','bulk','2016-07-15 16:53:53','2016-07-15 16:53:53',9,16,11,8),(108,'CNOO-CEU-FI',NULL,NULL,NULL,'Account Type',NULL,NULL,NULL,NULL,NULL,NULL,NULL,NULL,NULL,NULL,NULL,NULL,'bulk','bulk','2016-07-15 16:53:53','2016-07-15 16:53:53',9,9,12,7),(109,'COA-ARM-SY',NULL,NULL,NULL,'Account Type',NULL,NULL,NULL,NULL,NULL,NULL,NULL,NULL,NULL,NULL,NULL,NULL,'bulk','bulk','2016-07-15 16:53:53','2016-07-15 16:53:53',10,12,1,10),(110,'COA-CEU-MO',NULL,NULL,NULL,'Account Type',NULL,NULL,NULL,NULL,NULL,NULL,NULL,NULL,NULL,NULL,NULL,NULL,'bulk','bulk','2016-07-15 16:53:53','2016-07-15 16:53:53',10,9,2,10),(111,'COA-SEA-IN',NULL,NULL,NULL,'Account Type',NULL,NULL,NULL,NULL,NULL,NULL,NULL,NULL,NULL,NULL,NULL,NULL,'bulk','bulk','2016-07-15 16:53:53','2016-07-15 16:53:53',10,13,3,8),(112,'COA-NGA-GA',NULL,NULL,NULL,'Account Type',NULL,NULL,NULL,NULL,NULL,NULL,NULL,NULL,NULL,NULL,NULL,NULL,'bulk','bulk','2016-07-15 16:53:53','2016-07-15 16:53:53',10,14,4,7),(113,'COA-USL-UN',NULL,NULL,NULL,'Account Type',NULL,NULL,NULL,NULL,NULL,NULL,NULL,NULL,NULL,NULL,NULL,NULL,'bulk','bulk','2016-07-15 16:53:53','2016-07-15 16:53:53',10,15,5,7),(114,'COA-NGA-BU',NULL,NULL,NULL,'Account Type',NULL,NULL,NULL,NULL,NULL,NULL,NULL,NULL,NULL,NULL,NULL,NULL,'bulk','bulk','2016-07-15 16:53:53','2016-07-15 16:53:53',10,14,6,8),(115,'COA-NGA-SI',NULL,NULL,NULL,'Account Type',NULL,NULL,NULL,NULL,NULL,NULL,NULL,NULL,NULL,NULL,NULL,NULL,'bulk','bulk','2016-07-15 16:53:53','2016-07-15 16:53:53',10,14,7,8),(116,'COA-CEU-FR',NULL,NULL,NULL,'Account Type',NULL,NULL,NULL,NULL,NULL,NULL,NULL,NULL,NULL,NULL,NULL,NULL,'bulk','bulk','2016-07-15 16:53:53','2016-07-15 16:53:53',10,9,8,7),(117,'COA-NAG-TU',NULL,NULL,NULL,'Account Type',NULL,NULL,NULL,NULL,NULL,NULL,NULL,NULL,NULL,NULL,NULL,NULL,'bulk','bulk','2016-07-15 16:53:53','2016-07-15 16:53:53',10,11,9,10),(118,'COA-CEU-RU',NULL,NULL,NULL,'Account Type',NULL,NULL,NULL,NULL,NULL,NULL,NULL,NULL,NULL,NULL,NULL,NULL,'bulk','bulk','2016-07-15 16:53:53','2016-07-15 16:53:53',10,9,10,7),(119,'COA-CAN-CA',NULL,NULL,NULL,'Account Type',NULL,NULL,NULL,NULL,NULL,NULL,NULL,NULL,NULL,NULL,NULL,NULL,'bulk','bulk','2016-07-15 16:53:53','2016-07-15 16:53:53',10,16,11,7),(120,'COA-CEU-FI',NULL,NULL,NULL,'Account Type',NULL,NULL,NULL,NULL,NULL,NULL,NULL,NULL,NULL,NULL,NULL,NULL,'bulk','bulk','2016-07-15 16:53:53','2016-07-15 16:53:53',10,9,12,7),(121,'PEI-ARM-SY',NULL,NULL,NULL,'Account Type',NULL,NULL,NULL,NULL,NULL,NULL,NULL,NULL,NULL,NULL,NULL,NULL,'bulk','bulk','2016-07-15 16:53:53','2016-07-15 16:53:53',11,12,1,9),(122,'PEI-CEU-MO',NULL,NULL,NULL,'Account Type',NULL,NULL,NULL,NULL,NULL,NULL,NULL,NULL,NULL,NULL,NULL,NULL,'bulk','bulk','2016-07-15 16:53:53','2016-07-15 16:53:53',11,9,2,10),(123,'PEI-SEA-IN',NULL,NULL,NULL,'Account Type',NULL,NULL,NULL,NULL,NULL,NULL,NULL,NULL,NULL,NULL,NULL,NULL,'bulk','bulk','2016-07-15 16:53:53','2016-07-15 16:53:53',11,13,3,9),(124,'PEI-NGA-GA',NULL,NULL,NULL,'Account Type',NULL,NULL,NULL,NULL,NULL,NULL,NULL,NULL,NULL,NULL,NULL,NULL,'bulk','bulk','2016-07-15 16:53:53','2016-07-15 16:53:53',11,14,4,8),(125,'PEI-USL-UN',NULL,NULL,NULL,'Account Type',NULL,NULL,NULL,NULL,NULL,NULL,NULL,NULL,NULL,NULL,NULL,NULL,'bulk','bulk','2016-07-15 16:53:53','2016-07-15 16:53:53',11,15,5,9),(126,'PEI-NGA-BU',NULL,NULL,NULL,'Account Type',NULL,NULL,NULL,NULL,NULL,NULL,NULL,NULL,NULL,NULL,NULL,NULL,'bulk','bulk','2016-07-15 16:53:53','2016-07-15 16:53:53',11,14,6,10),(127,'PEI-NGA-SI',NULL,NULL,NULL,'Account Type',NULL,NULL,NULL,NULL,NULL,NULL,NULL,NULL,NULL,NULL,NULL,NULL,'bulk','bulk','2016-07-15 16:53:53','2016-07-15 16:53:53',11,14,7,8),(128,'PEI-CEU-FR',NULL,NULL,NULL,'Account Type',NULL,NULL,NULL,NULL,NULL,NULL,NULL,NULL,NULL,NULL,NULL,NULL,'bulk','bulk','2016-07-15 16:53:53','2016-07-15 16:53:53',11,9,8,9),(129,'PEI-NAG-TU',NULL,NULL,NULL,'Account Type',NULL,NULL,NULL,NULL,NULL,NULL,NULL,NULL,NULL,NULL,NULL,NULL,'bulk','bulk','2016-07-15 16:53:53','2016-07-15 16:53:53',11,11,9,9),(130,'PEI-CEU-RU',NULL,NULL,NULL,'Account Type',NULL,NULL,NULL,NULL,NULL,NULL,NULL,NULL,NULL,NULL,NULL,NULL,'bulk','bulk','2016-07-15 16:53:53','2016-07-15 16:53:53',11,9,10,10),(131,'PEI-CAN-CA',NULL,NULL,NULL,'Account Type',NULL,NULL,NULL,NULL,NULL,NULL,NULL,NULL,NULL,NULL,NULL,NULL,'bulk','bulk','2016-07-15 16:53:53','2016-07-15 16:53:53',11,16,11,9),(132,'PEI-CEU-FI',NULL,NULL,NULL,'Account Type',NULL,NULL,NULL,NULL,NULL,NULL,NULL,NULL,NULL,NULL,NULL,NULL,'bulk','bulk','2016-07-15 16:53:53','2016-07-15 16:53:53',11,9,12,7),(133,'GZPM-ARM-SY',NULL,NULL,NULL,'Account Type',NULL,NULL,NULL,NULL,NULL,NULL,NULL,NULL,NULL,NULL,NULL,NULL,'bulk','bulk','2016-07-15 16:53:53','2016-07-15 16:53:53',12,12,1,10),(134,'GZPM-CEU-MO',NULL,NULL,NULL,'Account Type',NULL,NULL,NULL,NULL,NULL,NULL,NULL,NULL,NULL,NULL,NULL,NULL,'bulk','bulk','2016-07-15 16:53:53','2016-07-15 16:53:53',12,9,2,7),(135,'GZPM-SEA-IN',NULL,NULL,NULL,'Account Type',NULL,NULL,NULL,NULL,NULL,NULL,NULL,NULL,NULL,NULL,NULL,NULL,'bulk','bulk','2016-07-15 16:53:53','2016-07-15 16:53:53',12,13,3,10),(136,'GZPM-NGA-GA',NULL,NULL,NULL,'Account Type',NULL,NULL,NULL,NULL,NULL,NULL,NULL,NULL,NULL,NULL,NULL,NULL,'bulk','bulk','2016-07-15 16:53:53','2016-07-15 16:53:53',12,14,4,8),(137,'GZPM-USL-UN',NULL,NULL,NULL,'Account Type',NULL,NULL,NULL,NULL,NULL,NULL,NULL,NULL,NULL,NULL,NULL,NULL,'bulk','bulk','2016-07-15 16:53:53','2016-07-15 16:53:53',12,15,5,9),(138,'GZPM-NGA-BU',NULL,NULL,NULL,'Account Type',NULL,NULL,NULL,NULL,NULL,NULL,NULL,NULL,NULL,NULL,NULL,NULL,'bulk','bulk','2016-07-15 16:53:53','2016-07-15 16:53:53',12,14,6,9),(139,'GZPM-NGA-SI',NULL,NULL,NULL,'Account Type',NULL,NULL,NULL,NULL,NULL,NULL,NULL,NULL,NULL,NULL,NULL,NULL,'bulk','bulk','2016-07-15 16:53:53','2016-07-15 16:53:53',12,14,7,10),(140,'GZPM-CEU-FR',NULL,NULL,NULL,'Account Type',NULL,NULL,NULL,NULL,NULL,NULL,NULL,NULL,NULL,NULL,NULL,NULL,'bulk','bulk','2016-07-15 16:53:53','2016-07-15 16:53:53',12,9,8,7),(141,'GZPM-NAG-TU',NULL,NULL,NULL,'Account Type',NULL,NULL,NULL,NULL,NULL,NULL,NULL,NULL,NULL,NULL,NULL,NULL,'bulk','bulk','2016-07-15 16:53:53','2016-07-15 16:53:53',12,11,9,8),(142,'GZPM-CEU-RU',NULL,NULL,NULL,'Account Type',NULL,NULL,NULL,NULL,NULL,NULL,NULL,NULL,NULL,NULL,NULL,NULL,'bulk','bulk','2016-07-15 16:53:53','2016-07-15 16:53:53',12,9,10,9),(143,'GZPM-CAN-CA',NULL,NULL,NULL,'Account Type',NULL,NULL,NULL,NULL,NULL,NULL,NULL,NULL,NULL,NULL,NULL,NULL,'bulk','bulk','2016-07-15 16:53:53','2016-07-15 16:53:53',12,16,11,7),(144,'GZPM-CEU-FI',NULL,NULL,NULL,'Account Type',NULL,NULL,NULL,NULL,NULL,NULL,NULL,NULL,NULL,NULL,NULL,NULL,'bulk','bulk','2016-07-15 16:53:53','2016-07-15 16:53:53',12,9,12,9),(145,'TEAL-ARM-SY',NULL,NULL,NULL,'Account Type',NULL,NULL,NULL,NULL,NULL,NULL,NULL,NULL,NULL,NULL,NULL,NULL,'bulk','bulk','2016-07-15 16:53:53','2016-07-15 16:53:53',13,12,1,10),(146,'TEAL-CEU-MO',NULL,NULL,NULL,'Account Type',NULL,NULL,NULL,NULL,NULL,NULL,NULL,NULL,NULL,NULL,NULL,NULL,'bulk','bulk','2016-07-15 16:53:53','2016-07-15 16:53:53',13,9,2,7),(147,'TEAL-SEA-IN',NULL,NULL,NULL,'Account Type',NULL,NULL,NULL,NULL,NULL,NULL,NULL,NULL,NULL,NULL,NULL,NULL,'bulk','bulk','2016-07-15 16:53:53','2016-07-15 16:53:53',13,13,3,9),(148,'TEAL-NGA-GA',NULL,NULL,NULL,'Account Type',NULL,NULL,NULL,NULL,NULL,NULL,NULL,NULL,NULL,NULL,NULL,NULL,'bulk','bulk','2016-07-15 16:53:53','2016-07-15 16:53:53',13,14,4,9),(149,'TEAL-USL-UN',NULL,NULL,NULL,'Account Type',NULL,NULL,NULL,NULL,NULL,NULL,NULL,NULL,NULL,NULL,NULL,NULL,'bulk','bulk','2016-07-15 16:53:53','2016-07-15 16:53:53',13,15,5,9),(150,'TEAL-NGA-BU',NULL,NULL,NULL,'Account Type',NULL,NULL,NULL,NULL,NULL,NULL,NULL,NULL,NULL,NULL,NULL,NULL,'bulk','bulk','2016-07-15 16:53:53','2016-07-15 16:53:53',13,14,6,8),(151,'TEAL-NGA-SI',NULL,NULL,NULL,'Account Type',NULL,NULL,NULL,NULL,NULL,NULL,NULL,NULL,NULL,NULL,NULL,NULL,'bulk','bulk','2016-07-15 16:53:53','2016-07-15 16:53:53',13,14,7,7),(152,'TEAL-CEU-FR',NULL,NULL,NULL,'Account Type',NULL,NULL,NULL,NULL,NULL,NULL,NULL,NULL,NULL,NULL,NULL,NULL,'bulk','bulk','2016-07-15 16:53:53','2016-07-15 16:53:53',13,9,8,8),(153,'TEAL-NAG-TU',NULL,NULL,NULL,'Account Type',NULL,NULL,NULL,NULL,NULL,NULL,NULL,NULL,NULL,NULL,NULL,NULL,'bulk','bulk','2016-07-15 16:53:53','2016-07-15 16:53:53',13,11,9,8),(154,'TEAL-CEU-RU',NULL,NULL,NULL,'Account Type',NULL,NULL,NULL,NULL,NULL,NULL,NULL,NULL,NULL,NULL,NULL,NULL,'bulk','bulk','2016-07-15 16:53:53','2016-07-15 16:53:53',13,9,10,9),(155,'TEAL-CAN-CA',NULL,NULL,NULL,'Account Type',NULL,NULL,NULL,NULL,NULL,NULL,NULL,NULL,NULL,NULL,NULL,NULL,'bulk','bulk','2016-07-15 16:53:53','2016-07-15 16:53:53',13,16,11,10),(156,'TEAL-CEU-FI',NULL,NULL,NULL,'Account Type',NULL,NULL,NULL,NULL,NULL,NULL,NULL,NULL,NULL,NULL,NULL,NULL,'bulk','bulk','2016-07-15 16:53:53','2016-07-15 16:53:53',13,9,12,10),(157,'TSHB-ARM-SY',NULL,NULL,NULL,'Account Type',NULL,NULL,NULL,NULL,NULL,NULL,NULL,NULL,NULL,NULL,NULL,NULL,'bulk','bulk','2016-07-15 16:53:53','2016-07-15 16:53:53',14,12,1,9),(158,'TSHB-CEU-MO',NULL,NULL,NULL,'Account Type',NULL,NULL,NULL,NULL,NULL,NULL,NULL,NULL,NULL,NULL,NULL,NULL,'bulk','bulk','2016-07-15 16:53:53','2016-07-15 16:53:53',14,9,2,10),(159,'TSHB-SEA-IN',NULL,NULL,NULL,'Account Type',NULL,NULL,NULL,NULL,NULL,NULL,NULL,NULL,NULL,NULL,NULL,NULL,'bulk','bulk','2016-07-15 16:53:53','2016-07-15 16:53:53',14,13,3,7),(160,'TSHB-NGA-GA',NULL,NULL,NULL,'Account Type',NULL,NULL,NULL,NULL,NULL,NULL,NULL,NULL,NULL,NULL,NULL,NULL,'bulk','bulk','2016-07-15 16:53:53','2016-07-15 16:53:53',14,14,4,10),(161,'TSHB-USL-UN',NULL,NULL,NULL,'Account Type',NULL,NULL,NULL,NULL,NULL,NULL,NULL,NULL,NULL,NULL,NULL,NULL,'bulk','bulk','2016-07-15 16:53:53','2016-07-15 16:53:53',14,15,5,10),(162,'TSHB-NGA-BU',NULL,NULL,NULL,'Account Type',NULL,NULL,NULL,NULL,NULL,NULL,NULL,NULL,NULL,NULL,NULL,NULL,'bulk','bulk','2016-07-15 16:53:53','2016-07-15 16:53:53',14,14,6,10),(163,'TSHB-NGA-SI',NULL,NULL,NULL,'Account Type',NULL,NULL,NULL,NULL,NULL,NULL,NULL,NULL,NULL,NULL,NULL,NULL,'bulk','bulk','2016-07-15 16:53:53','2016-07-15 16:53:53',14,14,7,8),(164,'TSHB-CEU-FR',NULL,NULL,NULL,'Account Type',NULL,NULL,NULL,NULL,NULL,NULL,NULL,NULL,NULL,NULL,NULL,NULL,'bulk','bulk','2016-07-15 16:53:53','2016-07-15 16:53:53',14,9,8,9),(165,'TSHB-NAG-TU',NULL,NULL,NULL,'Account Type',NULL,NULL,NULL,NULL,NULL,NULL,NULL,NULL,NULL,NULL,NULL,NULL,'bulk','bulk','2016-07-15 16:53:53','2016-07-15 16:53:53',14,11,9,9),(166,'TSHB-CEU-RU',NULL,NULL,NULL,'Account Type',NULL,NULL,NULL,NULL,NULL,NULL,NULL,NULL,NULL,NULL,NULL,NULL,'bulk','bulk','2016-07-15 16:53:53','2016-07-15 16:53:53',14,9,10,10),(167,'TSHB-CAN-CA',NULL,NULL,NULL,'Account Type',NULL,NULL,NULL,NULL,NULL,NULL,NULL,NULL,NULL,NULL,NULL,NULL,'bulk','bulk','2016-07-15 16:53:53','2016-07-15 16:53:53',14,16,11,8),(168,'TSHB-CEU-FI',NULL,NULL,NULL,'Account Type',NULL,NULL,NULL,NULL,NULL,NULL,NULL,NULL,NULL,NULL,NULL,NULL,'bulk','bulk','2016-07-15 16:53:53','2016-07-15 16:53:53',14,9,12,8),(169,'OMV-ARM-SY',NULL,NULL,NULL,'Account Type',NULL,NULL,NULL,NULL,NULL,NULL,NULL,NULL,NULL,NULL,NULL,NULL,'bulk','bulk','2016-07-15 16:53:53','2016-07-15 16:53:53',15,12,1,7),(170,'OMV-CEU-MO',NULL,NULL,NULL,'Account Type',NULL,NULL,NULL,NULL,NULL,NULL,NULL,NULL,NULL,NULL,NULL,NULL,'bulk','bulk','2016-07-15 16:53:53','2016-07-15 16:53:53',15,9,2,7),(171,'OMV-SEA-IN',NULL,NULL,NULL,'Account Type',NULL,NULL,NULL,NULL,NULL,NULL,NULL,NULL,NULL,NULL,NULL,NULL,'bulk','bulk','2016-07-15 16:53:53','2016-07-15 16:53:53',15,13,3,8),(172,'OMV-NGA-GA',NULL,NULL,NULL,'Account Type',NULL,NULL,NULL,NULL,NULL,NULL,NULL,NULL,NULL,NULL,NULL,NULL,'bulk','bulk','2016-07-15 16:53:53','2016-07-15 16:53:53',15,14,4,10),(173,'OMV-USL-UN',NULL,NULL,NULL,'Account Type',NULL,NULL,NULL,NULL,NULL,NULL,NULL,NULL,NULL,NULL,NULL,NULL,'bulk','bulk','2016-07-15 16:53:53','2016-07-15 16:53:53',15,15,5,9),(174,'OMV-NGA-BU',NULL,NULL,NULL,'Account Type',NULL,NULL,NULL,NULL,NULL,NULL,NULL,NULL,NULL,NULL,NULL,NULL,'bulk','bulk','2016-07-15 16:53:53','2016-07-15 16:53:53',15,14,6,7),(175,'OMV-NGA-SI',NULL,NULL,NULL,'Account Type',NULL,NULL,NULL,NULL,NULL,NULL,NULL,NULL,NULL,NULL,NULL,NULL,'bulk','bulk','2016-07-15 16:53:53','2016-07-15 16:53:53',15,14,7,9),(176,'OMV-CEU-FR',NULL,NULL,NULL,'Account Type',NULL,NULL,NULL,NULL,NULL,NULL,NULL,NULL,NULL,NULL,NULL,NULL,'bulk','bulk','2016-07-15 16:53:53','2016-07-15 16:53:53',15,9,8,9),(177,'OMV-NAG-TU',NULL,NULL,NULL,'Account Type',NULL,NULL,NULL,NULL,NULL,NULL,NULL,NULL,NULL,NULL,NULL,NULL,'bulk','bulk','2016-07-15 16:53:53','2016-07-15 16:53:53',15,11,9,9),(178,'OMV-CEU-RU',NULL,NULL,NULL,'Account Type',NULL,NULL,NULL,NULL,NULL,NULL,NULL,NULL,NULL,NULL,NULL,NULL,'bulk','bulk','2016-07-15 16:53:53','2016-07-15 16:53:53',15,9,10,9),(179,'OMV-CAN-CA',NULL,NULL,NULL,'Account Type',NULL,NULL,NULL,NULL,NULL,NULL,NULL,NULL,NULL,NULL,NULL,NULL,'bulk','bulk','2016-07-15 16:53:53','2016-07-15 16:53:53',15,16,11,10),(180,'OMV-CEU-FI',NULL,NULL,NULL,'Account Type',NULL,NULL,NULL,NULL,NULL,NULL,NULL,NULL,NULL,NULL,NULL,NULL,'bulk','bulk','2016-07-15 16:53:53','2016-07-15 16:53:53',15,9,12,7);
/*!40000 ALTER TABLE `accounts` ENABLE KEYS */;
UNLOCK TABLES;

--
-- Table structure for table `activities`
--

DROP TABLE IF EXISTS `activities`;
/*!40101 SET @saved_cs_client     = @@character_set_client */;
/*!40101 SET character_set_client = utf8 */;
CREATE TABLE `activities` (
  `id` bigint(20) NOT NULL AUTO_INCREMENT,
  `name` varchar(30) DEFAULT NULL,
  `startDate` datetime DEFAULT NULL,
  `endDate` datetime DEFAULT NULL,
  `duration` decimal(10,0) DEFAULT NULL,
  `description` text,
  `unitId` bigint(20) DEFAULT NULL,
  `feeds` text,
  `projectId` bigint(20) DEFAULT NULL,
  `gacAccountId` bigint(20) DEFAULT NULL,
  `wellId` bigint(20) DEFAULT NULL,
  `createdBy` varchar(50) NOT NULL,
  `updatedBy` varchar(50) NOT NULL,
  `createdAt` datetime NOT NULL,
  `updatedAt` datetime NOT NULL,
  `geoMarketId` bigint(20) DEFAULT NULL,
  `subGeoMarketId` bigint(20) DEFAULT NULL,
  `groupActivityId` bigint(20) DEFAULT NULL,
  `activityProbabilityId` bigint(20) DEFAULT NULL,
  `activityTypeId` bigint(20) DEFAULT NULL,
  PRIMARY KEY (`id`),
  KEY `geoMarketId` (`geoMarketId`),
  KEY `subGeoMarketId` (`subGeoMarketId`),
  KEY `groupActivityId` (`groupActivityId`),
  KEY `activityProbabilityId` (`activityProbabilityId`),
  KEY `activityTypeId` (`activityTypeId`),
  CONSTRAINT `activities_ibfk_1` FOREIGN KEY (`geoMarketId`) REFERENCES `geomarkets` (`id`) ON DELETE SET NULL ON UPDATE CASCADE,
  CONSTRAINT `activities_ibfk_2` FOREIGN KEY (`subGeoMarketId`) REFERENCES `subgeomarkets` (`id`) ON DELETE SET NULL ON UPDATE CASCADE,
  CONSTRAINT `activities_ibfk_3` FOREIGN KEY (`groupActivityId`) REFERENCES `groupactivities` (`id`) ON DELETE SET NULL ON UPDATE CASCADE,
  CONSTRAINT `activities_ibfk_4` FOREIGN KEY (`activityProbabilityId`) REFERENCES `referencevalues` (`id`) ON DELETE SET NULL ON UPDATE CASCADE,
  CONSTRAINT `activities_ibfk_5` FOREIGN KEY (`activityTypeId`) REFERENCES `referencevalues` (`id`) ON DELETE SET NULL ON UPDATE CASCADE
) ENGINE=InnoDB AUTO_INCREMENT=12 DEFAULT CHARSET=utf8;
/*!40101 SET character_set_client = @saved_cs_client */;

--
-- Dumping data for table `activities`
--

LOCK TABLES `activities` WRITE;
/*!40000 ALTER TABLE `activities` DISABLE KEYS */;
/*!40000 ALTER TABLE `activities` ENABLE KEYS */;
UNLOCK TABLES;

--
-- Table structure for table `activityservices`
--

DROP TABLE IF EXISTS `activityservices`;
/*!40101 SET @saved_cs_client     = @@character_set_client */;
/*!40101 SET character_set_client = utf8 */;
CREATE TABLE `activityservices` (
  `id` bigint(20) NOT NULL AUTO_INCREMENT,
  `serviceProviderId` decimal(20,0) DEFAULT NULL,
  `startDate` datetime DEFAULT NULL,
  `endDate` datetime DEFAULT NULL,
  `duration` decimal(10,0) DEFAULT NULL,
  `marketShare` decimal(10,0) DEFAULT NULL,
  `revenue` decimal(10,0) DEFAULT NULL,
  `createdBy` varchar(50) NOT NULL,
  `updatedBy` varchar(50) NOT NULL,
  `createdAt` datetime NOT NULL,
  `updatedAt` datetime NOT NULL,
  `activityId` bigint(20) DEFAULT NULL,
  `serviceId` bigint(20) DEFAULT NULL,
  PRIMARY KEY (`id`),
  UNIQUE KEY `activityServices_activityId_serviceId_unique` (`activityId`,`serviceId`),
  KEY `serviceId` (`serviceId`),
  CONSTRAINT `activityservices_ibfk_1` FOREIGN KEY (`activityId`) REFERENCES `activities` (`id`) ON DELETE CASCADE ON UPDATE CASCADE,
  CONSTRAINT `activityservices_ibfk_2` FOREIGN KEY (`serviceId`) REFERENCES `services` (`id`) ON DELETE CASCADE ON UPDATE CASCADE
) ENGINE=InnoDB DEFAULT CHARSET=utf8;
/*!40101 SET character_set_client = @saved_cs_client */;

--
-- Dumping data for table `activityservices`
--

LOCK TABLES `activityservices` WRITE;
/*!40000 ALTER TABLE `activityservices` DISABLE KEYS */;
/*!40000 ALTER TABLE `activityservices` ENABLE KEYS */;
UNLOCK TABLES;

--
-- Table structure for table `activitywellholes`
--

DROP TABLE IF EXISTS `activitywellholes`;
/*!40101 SET @saved_cs_client     = @@character_set_client */;
/*!40101 SET character_set_client = utf8 */;
CREATE TABLE `activitywellholes` (
  `id` bigint(20) NOT NULL AUTO_INCREMENT,
  `wellSection` varchar(200) NOT NULL,
  `startDate` datetime DEFAULT NULL,
  `endDate` datetime DEFAULT NULL,
  `activityPercentage` decimal(10,2) DEFAULT NULL,
  `createdBy` varchar(50) NOT NULL,
  `updatedBy` varchar(50) NOT NULL,
  `createdAt` datetime NOT NULL,
  `updatedAt` datetime NOT NULL,
  `activityId` bigint(20) DEFAULT NULL,
  `holeSectionId` bigint(20) DEFAULT NULL,
  PRIMARY KEY (`id`),
  UNIQUE KEY `activityWellHoles_activityId_holeSectionId_unique` (`activityId`,`holeSectionId`),
  KEY `holeSectionId` (`holeSectionId`),
  CONSTRAINT `activitywellholes_ibfk_1` FOREIGN KEY (`activityId`) REFERENCES `activities` (`id`) ON DELETE CASCADE ON UPDATE CASCADE,
  CONSTRAINT `activitywellholes_ibfk_2` FOREIGN KEY (`holeSectionId`) REFERENCES `holesections` (`id`) ON DELETE CASCADE ON UPDATE CASCADE
) ENGINE=InnoDB DEFAULT CHARSET=utf8;
/*!40101 SET character_set_client = @saved_cs_client */;

--
-- Dumping data for table `activitywellholes`
--

LOCK TABLES `activitywellholes` WRITE;
/*!40000 ALTER TABLE `activitywellholes` DISABLE KEYS */;
/*!40000 ALTER TABLE `activitywellholes` ENABLE KEYS */;
UNLOCK TABLES;

--
-- Table structure for table `areas`
--

DROP TABLE IF EXISTS `areas`;
/*!40101 SET @saved_cs_client     = @@character_set_client */;
/*!40101 SET character_set_client = utf8 */;
CREATE TABLE `areas` (
  `id` bigint(20) NOT NULL AUTO_INCREMENT,
  `code` varchar(5) NOT NULL,
  `name` varchar(100) DEFAULT NULL,
  `definition` varchar(200) DEFAULT NULL,
  `createdBy` varchar(50) NOT NULL,
  `updatedBy` varchar(50) NOT NULL,
  `createdAt` datetime NOT NULL,
  `updatedAt` datetime NOT NULL,
  PRIMARY KEY (`id`)
) ENGINE=InnoDB AUTO_INCREMENT=7 DEFAULT CHARSET=utf8;
/*!40101 SET character_set_client = @saved_cs_client */;

--
-- Dumping data for table `areas`
--

LOCK TABLES `areas` WRITE;
/*!40000 ALTER TABLE `areas` DISABLE KEYS */;
INSERT INTO `areas` VALUES (1,'ASA','Asia',NULL,'bulk','bulk','2016-07-15 16:53:53','2016-07-15 16:53:53'),(2,'EAF','Europe Africa',NULL,'bulk','bulk','2016-07-15 16:53:53','2016-07-15 16:53:53'),(3,'MCA','Mexico and Central America',NULL,'bulk','bulk','2016-07-15 16:53:53','2016-07-15 16:53:53'),(4,'MEA','Middle East',NULL,'bulk','bulk','2016-07-15 16:53:53','2016-07-15 16:53:53'),(5,'NAL','North America Land',NULL,'bulk','bulk','2016-07-15 16:53:53','2016-07-15 16:53:53'),(6,'NAO','North America Offshore',NULL,'bulk','bulk','2016-07-15 16:53:53','2016-07-15 16:53:53');
/*!40000 ALTER TABLE `areas` ENABLE KEYS */;
UNLOCK TABLES;

--
-- Table structure for table `assetaudits`
--

DROP TABLE IF EXISTS `assetaudits`;
/*!40101 SET @saved_cs_client     = @@character_set_client */;
/*!40101 SET character_set_client = utf8 */;
CREATE TABLE `assetaudits` (
  `id` bigint(20) NOT NULL AUTO_INCREMENT,
  `ownershipType` varchar(20) DEFAULT NULL,
  `ownershipPercentage` decimal(10,0) DEFAULT NULL,
  `startDate` datetime DEFAULT NULL,
  `endDate` datetime DEFAULT NULL,
  `status` varchar(20) NOT NULL,
  `createdBy` varchar(50) NOT NULL,
  `updatedBy` varchar(50) NOT NULL,
  `createdAt` datetime NOT NULL,
  `updatedAt` datetime NOT NULL,
  `assetId` bigint(20) DEFAULT NULL,
  `accountId` bigint(20) DEFAULT NULL,
  PRIMARY KEY (`id`),
  UNIQUE KEY `assetAudits_assetId_accountId_unique` (`assetId`,`accountId`),
  KEY `accountId` (`accountId`),
  CONSTRAINT `assetaudits_ibfk_1` FOREIGN KEY (`assetId`) REFERENCES `assets` (`id`) ON DELETE CASCADE ON UPDATE CASCADE,
  CONSTRAINT `assetaudits_ibfk_2` FOREIGN KEY (`accountId`) REFERENCES `accounts` (`id`) ON DELETE CASCADE ON UPDATE CASCADE
) ENGINE=InnoDB AUTO_INCREMENT=75 DEFAULT CHARSET=utf8;
/*!40101 SET character_set_client = @saved_cs_client */;

--
-- Dumping data for table `assetaudits`
--

LOCK TABLES `assetaudits` WRITE;
/*!40000 ALTER TABLE `assetaudits` DISABLE KEYS */;
INSERT INTO `assetaudits` VALUES (1,'Main',30,'2016-07-15 16:53:53',NULL,'Active','bulk','bulk','2016-07-15 16:53:53','2016-07-15 16:53:53',1,47),(2,'Shareholder',20,'2016-07-15 16:53:53',NULL,'Active','bulk','bulk','2016-07-15 16:53:53','2016-07-15 16:53:53',1,24),(3,'Shareholder',20,'2016-07-15 16:53:53',NULL,'Active','bulk','bulk','2016-07-15 16:53:53','2016-07-15 16:53:53',1,127),(4,'Shareholder',20,'2016-07-15 16:53:53',NULL,'Active','bulk','bulk','2016-07-15 16:53:53','2016-07-15 16:53:53',1,156),(5,'Shareholder',10,'2016-07-15 16:53:53',NULL,'Active','bulk','bulk','2016-07-15 16:53:53','2016-07-15 16:53:53',1,55),(6,'Shareholder',10,'2016-07-15 16:53:53',NULL,'Active','bulk','bulk','2016-07-15 16:53:53','2016-07-15 16:53:53',2,34),(7,'Shareholder',10,'2016-07-15 16:53:53',NULL,'Active','bulk','bulk','2016-07-15 16:53:53','2016-07-15 16:53:53',2,171),(8,'Shareholder',20,'2016-07-15 16:53:53',NULL,'Active','bulk','bulk','2016-07-15 16:53:53','2016-07-15 16:53:53',2,42),(9,'Shareholder',20,'2016-07-15 16:53:53',NULL,'Active','bulk','bulk','2016-07-15 16:53:53','2016-07-15 16:53:53',2,126),(10,'Main',40,'2016-07-15 16:53:53',NULL,'Active','bulk','bulk','2016-07-15 16:53:53','2016-07-15 16:53:53',2,48),(11,'Shareholder',10,'2016-07-15 16:53:53',NULL,'Active','bulk','bulk','2016-07-15 16:53:53','2016-07-15 16:53:53',3,42),(12,'Shareholder',10,'2016-07-15 16:53:53',NULL,'Active','bulk','bulk','2016-07-15 16:53:53','2016-07-15 16:53:53',3,87),(13,'Shareholder',10,'2016-07-15 16:53:53',NULL,'Active','bulk','bulk','2016-07-15 16:53:53','2016-07-15 16:53:53',3,78),(14,'Shareholder',30,'2016-07-15 16:53:53',NULL,'Active','bulk','bulk','2016-07-15 16:53:53','2016-07-15 16:53:53',3,4),(15,'Main',40,'2016-07-15 16:53:53',NULL,'Active','bulk','bulk','2016-07-15 16:53:53','2016-07-15 16:53:53',3,54),(16,'Shareholder',10,'2016-07-15 16:53:53',NULL,'Active','bulk','bulk','2016-07-15 16:53:53','2016-07-15 16:53:53',4,133),(17,'Shareholder',10,'2016-07-15 16:53:53',NULL,'Active','bulk','bulk','2016-07-15 16:53:53','2016-07-15 16:53:53',4,7),(18,'Main',40,'2016-07-15 16:53:53',NULL,'Active','bulk','bulk','2016-07-15 16:53:53','2016-07-15 16:53:53',4,65),(19,'Main',40,'2016-07-15 16:53:53',NULL,'Active','bulk','bulk','2016-07-15 16:53:53','2016-07-15 16:53:53',4,1),(20,'Main',40,'2016-07-15 16:53:53',NULL,'Active','bulk','bulk','2016-07-15 16:53:53','2016-07-15 16:53:53',5,69),(21,'Shareholder',10,'2016-07-15 16:53:53',NULL,'Active','bulk','bulk','2016-07-15 16:53:53','2016-07-15 16:53:53',5,162),(22,'Main',40,'2016-07-15 16:53:53',NULL,'Active','bulk','bulk','2016-07-15 16:53:53','2016-07-15 16:53:53',5,152),(23,'Shareholder',10,'2016-07-15 16:53:53',NULL,'Active','bulk','bulk','2016-07-15 16:53:53','2016-07-15 16:53:53',5,43),(24,'Shareholder',20,'2016-07-15 16:53:53',NULL,'Active','bulk','bulk','2016-07-15 16:53:53','2016-07-15 16:53:53',5,127),(25,'Shareholder',30,'2016-07-15 16:53:53',NULL,'Active','bulk','bulk','2016-07-15 16:53:53','2016-07-15 16:53:53',6,59),(26,'Shareholder',30,'2016-07-15 16:53:53',NULL,'Active','bulk','bulk','2016-07-15 16:53:53','2016-07-15 16:53:53',6,162),(27,'Shareholder',10,'2016-07-15 16:53:53',NULL,'Active','bulk','bulk','2016-07-15 16:53:53','2016-07-15 16:53:53',6,56),(28,'Shareholder',10,'2016-07-15 16:53:53',NULL,'Active','bulk','bulk','2016-07-15 16:53:53','2016-07-15 16:53:53',6,67),(29,'Main',40,'2016-07-15 16:53:53',NULL,'Active','bulk','bulk','2016-07-15 16:53:53','2016-07-15 16:53:53',6,30),(30,'Shareholder',30,'2016-07-15 16:53:53',NULL,'Active','bulk','bulk','2016-07-15 16:53:53','2016-07-15 16:53:53',7,22),(31,'Shareholder',30,'2016-07-15 16:53:53',NULL,'Active','bulk','bulk','2016-07-15 16:53:53','2016-07-15 16:53:53',7,158),(32,'Shareholder',10,'2016-07-15 16:53:53',NULL,'Active','bulk','bulk','2016-07-15 16:53:53','2016-07-15 16:53:53',7,117),(33,'Shareholder',20,'2016-07-15 16:53:53',NULL,'Active','bulk','bulk','2016-07-15 16:53:53','2016-07-15 16:53:53',7,176),(34,'Main',40,'2016-07-15 16:53:53',NULL,'Active','bulk','bulk','2016-07-15 16:53:53','2016-07-15 16:53:53',7,171),(35,'Shareholder',20,'2016-07-15 16:53:53',NULL,'Active','bulk','bulk','2016-07-15 16:53:53','2016-07-15 16:53:53',8,152),(36,'Shareholder',30,'2016-07-15 16:53:53',NULL,'Active','bulk','bulk','2016-07-15 16:53:53','2016-07-15 16:53:53',8,131),(37,'Main',40,'2016-07-15 16:53:53',NULL,'Active','bulk','bulk','2016-07-15 16:53:53','2016-07-15 16:53:53',8,164),(38,'Shareholder',20,'2016-07-15 16:53:53',NULL,'Active','bulk','bulk','2016-07-15 16:53:53','2016-07-15 16:53:53',8,39),(39,'Shareholder',20,'2016-07-15 16:53:53',NULL,'Active','bulk','bulk','2016-07-15 16:53:53','2016-07-15 16:53:53',8,133),(40,'Main',30,'2016-07-15 16:53:53',NULL,'Active','bulk','bulk','2016-07-15 16:53:53','2016-07-15 16:53:53',9,108),(41,'Shareholder',20,'2016-07-15 16:53:53',NULL,'Active','bulk','bulk','2016-07-15 16:53:53','2016-07-15 16:53:53',9,83),(42,'Shareholder',20,'2016-07-15 16:53:53',NULL,'Active','bulk','bulk','2016-07-15 16:53:53','2016-07-15 16:53:53',9,174),(43,'Shareholder',20,'2016-07-15 16:53:53',NULL,'Active','bulk','bulk','2016-07-15 16:53:53','2016-07-15 16:53:53',9,160),(44,'Main',30,'2016-07-15 16:53:53',NULL,'Active','bulk','bulk','2016-07-15 16:53:53','2016-07-15 16:53:53',9,173),(45,'Main',40,'2016-07-15 16:53:53',NULL,'Active','bulk','bulk','2016-07-15 16:53:53','2016-07-15 16:53:53',10,149),(46,'Main',40,'2016-07-15 16:53:53',NULL,'Active','bulk','bulk','2016-07-15 16:53:53','2016-07-15 16:53:53',10,14),(47,'Shareholder',30,'2016-07-15 16:53:53',NULL,'Active','bulk','bulk','2016-07-15 16:53:53','2016-07-15 16:53:53',10,45),(48,'Shareholder',20,'2016-07-15 16:53:53',NULL,'Active','bulk','bulk','2016-07-15 16:53:53','2016-07-15 16:53:53',10,84),(49,'Shareholder',30,'2016-07-15 16:53:53',NULL,'Active','bulk','bulk','2016-07-15 16:53:53','2016-07-15 16:53:53',10,9),(50,'Main',40,'2016-07-15 16:53:53',NULL,'Active','bulk','bulk','2016-07-15 16:53:53','2016-07-15 16:53:53',11,67),(51,'Shareholder',20,'2016-07-15 16:53:53',NULL,'Active','bulk','bulk','2016-07-15 16:53:53','2016-07-15 16:53:53',11,106),(52,'Shareholder',20,'2016-07-15 16:53:53',NULL,'Active','bulk','bulk','2016-07-15 16:53:53','2016-07-15 16:53:53',11,55),(53,'Shareholder',20,'2016-07-15 16:53:53',NULL,'Active','bulk','bulk','2016-07-15 16:53:53','2016-07-15 16:53:53',11,178),(54,'Shareholder',20,'2016-07-15 16:53:53',NULL,'Active','bulk','bulk','2016-07-15 16:53:53','2016-07-15 16:53:53',11,75),(55,'Shareholder',10,'2016-07-15 16:53:53',NULL,'Active','bulk','bulk','2016-07-15 16:53:53','2016-07-15 16:53:53',12,56),(56,'Shareholder',10,'2016-07-15 16:53:53',NULL,'Active','bulk','bulk','2016-07-15 16:53:53','2016-07-15 16:53:53',12,120),(57,'Main',40,'2016-07-15 16:53:53',NULL,'Active','bulk','bulk','2016-07-15 16:53:53','2016-07-15 16:53:53',12,17),(58,'Shareholder',20,'2016-07-15 16:53:53',NULL,'Active','bulk','bulk','2016-07-15 16:53:53','2016-07-15 16:53:53',12,122),(59,'Main',40,'2016-07-15 16:53:53',NULL,'Active','bulk','bulk','2016-07-15 16:53:53','2016-07-15 16:53:53',12,28),(60,'Shareholder',10,'2016-07-15 16:53:53',NULL,'Active','bulk','bulk','2016-07-15 16:53:53','2016-07-15 16:53:53',13,71),(61,'Shareholder',30,'2016-07-15 16:53:53',NULL,'Active','bulk','bulk','2016-07-15 16:53:53','2016-07-15 16:53:53',13,36),(62,'Shareholder',30,'2016-07-15 16:53:53',NULL,'Active','bulk','bulk','2016-07-15 16:53:53','2016-07-15 16:53:53',13,27),(63,'Main',40,'2016-07-15 16:53:53',NULL,'Active','bulk','bulk','2016-07-15 16:53:53','2016-07-15 16:53:53',13,141),(64,'Shareholder',20,'2016-07-15 16:53:53',NULL,'Active','bulk','bulk','2016-07-15 16:53:53','2016-07-15 16:53:53',13,37),(65,'Shareholder',30,'2016-07-15 16:53:53',NULL,'Active','bulk','bulk','2016-07-15 16:53:53','2016-07-15 16:53:53',14,40),(66,'Shareholder',10,'2016-07-15 16:53:53',NULL,'Active','bulk','bulk','2016-07-15 16:53:53','2016-07-15 16:53:53',14,80),(67,'Shareholder',10,'2016-07-15 16:53:53',NULL,'Active','bulk','bulk','2016-07-15 16:53:53','2016-07-15 16:53:53',14,108),(68,'Shareholder',10,'2016-07-15 16:53:53',NULL,'Active','bulk','bulk','2016-07-15 16:53:53','2016-07-15 16:53:53',14,143),(69,'Main',40,'2016-07-15 16:53:53',NULL,'Active','bulk','bulk','2016-07-15 16:53:53','2016-07-15 16:53:53',14,173),(70,'Main',40,'2016-07-15 16:53:53',NULL,'Active','bulk','bulk','2016-07-15 16:53:53','2016-07-15 16:53:53',15,28),(71,'Shareholder',30,'2016-07-15 16:53:53',NULL,'Active','bulk','bulk','2016-07-15 16:53:53','2016-07-15 16:53:53',15,56),(72,'Shareholder',10,'2016-07-15 16:53:53',NULL,'Active','bulk','bulk','2016-07-15 16:53:53','2016-07-15 16:53:53',15,94),(73,'Shareholder',10,'2016-07-15 16:53:53',NULL,'Active','bulk','bulk','2016-07-15 16:53:53','2016-07-15 16:53:53',15,96),(74,'Shareholder',20,'2016-07-15 16:53:53',NULL,'Active','bulk','bulk','2016-07-15 16:53:53','2016-07-15 16:53:53',15,91);
/*!40000 ALTER TABLE `assetaudits` ENABLE KEYS */;
UNLOCK TABLES;

--
-- Table structure for table `assetfields`
--

DROP TABLE IF EXISTS `assetfields`;
/*!40101 SET @saved_cs_client     = @@character_set_client */;
/*!40101 SET character_set_client = utf8 */;
CREATE TABLE `assetfields` (
  `id` bigint(20) NOT NULL AUTO_INCREMENT,
  `createdBy` varchar(50) NOT NULL,
  `updatedBy` varchar(50) NOT NULL,
  `createdAt` datetime NOT NULL,
  `updatedAt` datetime NOT NULL,
  `assetId` bigint(20) DEFAULT NULL,
  `fieldId` bigint(20) DEFAULT NULL,
  PRIMARY KEY (`id`),
  UNIQUE KEY `assetFields_assetId_fieldId_unique` (`assetId`,`fieldId`),
  KEY `fieldId` (`fieldId`),
  CONSTRAINT `assetfields_ibfk_1` FOREIGN KEY (`assetId`) REFERENCES `assets` (`id`) ON DELETE CASCADE ON UPDATE CASCADE,
  CONSTRAINT `assetfields_ibfk_2` FOREIGN KEY (`fieldId`) REFERENCES `fields` (`id`) ON DELETE CASCADE ON UPDATE CASCADE
) ENGINE=InnoDB AUTO_INCREMENT=36 DEFAULT CHARSET=utf8;
/*!40101 SET character_set_client = @saved_cs_client */;

--
-- Dumping data for table `assetfields`
--

LOCK TABLES `assetfields` WRITE;
/*!40000 ALTER TABLE `assetfields` DISABLE KEYS */;
INSERT INTO `assetfields` VALUES (1,'bulk','bulk','2016-07-15 16:53:53','2016-07-15 16:53:53',1,11),(2,'bulk','bulk','2016-07-15 16:53:53','2016-07-15 16:53:53',2,12),(3,'bulk','bulk','2016-07-15 16:53:53','2016-07-15 16:53:53',3,13),(4,'bulk','bulk','2016-07-15 16:53:53','2016-07-15 16:53:53',4,14),(5,'bulk','bulk','2016-07-15 16:53:53','2016-07-15 16:53:53',5,7),(6,'bulk','bulk','2016-07-15 16:53:53','2016-07-15 16:53:53',6,8),(7,'bulk','bulk','2016-07-15 16:53:53','2016-07-15 16:53:53',7,9),(8,'bulk','bulk','2016-07-15 16:53:53','2016-07-15 16:53:53',8,10),(9,'bulk','bulk','2016-07-15 16:53:53','2016-07-15 16:53:53',9,4),(10,'bulk','bulk','2016-07-15 16:53:53','2016-07-15 16:53:53',10,3),(11,'bulk','bulk','2016-07-15 16:53:53','2016-07-15 16:53:53',11,4),(12,'bulk','bulk','2016-07-15 16:53:53','2016-07-15 16:53:53',12,5),(13,'bulk','bulk','2016-07-15 16:53:53','2016-07-15 16:53:53',13,6),(14,'bulk','bulk','2016-07-15 16:53:53','2016-07-15 16:53:53',14,11),(15,'bulk','bulk','2016-07-15 16:53:53','2016-07-15 16:53:53',15,12),(16,'bulk','bulk','2016-07-15 16:53:53','2016-07-15 16:53:53',1,13),(17,'bulk','bulk','2016-07-15 16:53:53','2016-07-15 16:53:53',2,14),(18,'bulk','bulk','2016-07-15 16:53:53','2016-07-15 16:53:53',3,1),(19,'bulk','bulk','2016-07-15 16:53:53','2016-07-15 16:53:53',4,2),(20,'bulk','bulk','2016-07-15 16:53:53','2016-07-15 16:53:53',6,3),(21,'bulk','bulk','2016-07-15 16:53:53','2016-07-15 16:53:53',7,4),(22,'bulk','bulk','2016-07-15 16:53:53','2016-07-15 16:53:53',8,5),(23,'bulk','bulk','2016-07-15 16:53:53','2016-07-15 16:53:53',9,6),(24,'bulk','bulk','2016-07-15 16:53:53','2016-07-15 16:53:53',11,1),(25,'bulk','bulk','2016-07-15 16:53:53','2016-07-15 16:53:53',12,2),(26,'bulk','bulk','2016-07-15 16:53:53','2016-07-15 16:53:53',13,7),(27,'bulk','bulk','2016-07-15 16:53:53','2016-07-15 16:53:53',14,8),(28,'bulk','bulk','2016-07-15 16:53:53','2016-07-15 16:53:53',15,9),(29,'bulk','bulk','2016-07-15 16:53:53','2016-07-15 16:53:53',1,10),(30,'bulk','bulk','2016-07-15 16:53:53','2016-07-15 16:53:53',2,1),(31,'bulk','bulk','2016-07-15 16:53:53','2016-07-15 16:53:53',3,2),(32,'bulk','bulk','2016-07-15 16:53:53','2016-07-15 16:53:53',12,3),(33,'bulk','bulk','2016-07-15 16:53:53','2016-07-15 16:53:53',13,4),(34,'bulk','bulk','2016-07-15 16:53:53','2016-07-15 16:53:53',14,5),(35,'bulk','bulk','2016-07-15 16:53:53','2016-07-15 16:53:53',15,6);
/*!40000 ALTER TABLE `assetfields` ENABLE KEYS */;
UNLOCK TABLES;

--
-- Table structure for table `assets`
--

DROP TABLE IF EXISTS `assets`;
/*!40101 SET @saved_cs_client     = @@character_set_client */;
/*!40101 SET character_set_client = utf8 */;
CREATE TABLE `assets` (
  `id` bigint(20) NOT NULL AUTO_INCREMENT,
  `name` varchar(100) NOT NULL,
  `abbreviation` varchar(20) NOT NULL,
  `description` varchar(255) DEFAULT NULL,
  `clientAssetManager` varchar(20) DEFAULT NULL,
  `clientAssetManagerEmail` varchar(255) DEFAULT NULL,
  `optionalUrl` varchar(255) DEFAULT NULL,
  `assetLimitation` text,
  `technicalChallenges` text,
  `createdBy` varchar(50) NOT NULL,
  `updatedBy` varchar(50) NOT NULL,
  `createdAt` datetime NOT NULL,
  `updatedAt` datetime NOT NULL,
  `subGeoMarketId` bigint(20) DEFAULT NULL,
  `countryId` bigint(20) DEFAULT NULL,
  `assetBasinId` bigint(20) DEFAULT NULL,
  PRIMARY KEY (`id`),
  KEY `subGeoMarketId` (`subGeoMarketId`),
  KEY `countryId` (`countryId`),
  KEY `assetBasinId` (`assetBasinId`),
  CONSTRAINT `assets_ibfk_1` FOREIGN KEY (`subGeoMarketId`) REFERENCES `subgeomarkets` (`id`) ON DELETE SET NULL ON UPDATE CASCADE,
  CONSTRAINT `assets_ibfk_2` FOREIGN KEY (`countryId`) REFERENCES `countries` (`id`) ON DELETE SET NULL ON UPDATE CASCADE,
  CONSTRAINT `assets_ibfk_3` FOREIGN KEY (`assetBasinId`) REFERENCES `referencevalues` (`id`) ON DELETE SET NULL ON UPDATE CASCADE
) ENGINE=InnoDB AUTO_INCREMENT=16 DEFAULT CHARSET=utf8;
/*!40101 SET character_set_client = @saved_cs_client */;

--
-- Dumping data for table `assets`
--

LOCK TABLES `assets` WRITE;
/*!40000 ALTER TABLE `assets` DISABLE KEYS */;
INSERT INTO `assets` VALUES (1,'AFRICAN PETROLEUM SENEGAL LIMITED_Asset','APSLA','Asset for account AFRICAN PETROLEUM SENEGAL LIMITED',NULL,NULL,NULL,NULL,NULL,'PQR','PQR','2016-05-19 21:51:40','2016-05-19 21:51:40',3,NULL,NULL),(2,'AL BOU KAMAL PETROLEUM COMPANY_Asset','ABKPCA','Asset for account AL BOU KAMAL PETROLEUM COMPANY',NULL,NULL,NULL,NULL,NULL,'PQR','PQR','2016-05-19 22:27:37','2016-05-19 22:27:37',5,NULL,NULL),(3,'AL-KAWARI EST TRADING & GEN CONTRACTING_Asset','ABETGCA','Asset for account AL-KAWARI EST TRADING & GEN CONTRACTING',NULL,NULL,NULL,NULL,NULL,'PQR','PQR','2016-05-19 22:27:37','2016-05-19 22:27:37',2,NULL,NULL),(4,'AL-RASHEED PETROLEUM COMPANY (RPC)_Asset','ARPCA','Asset for account AL-RASHEED PETROLEUM COMPANY (RPC)',NULL,NULL,NULL,NULL,NULL,'PQR','PQR','2016-05-19 22:27:37','2016-05-19 22:27:37',3,NULL,NULL),(5,'ATLANTIC PETROLEUM GUINEA BISSAU LTD_Asset','APGULA','Asset for account ATLANTIC PETROLEUM GUINEA BISSAU LTD',NULL,NULL,NULL,NULL,NULL,'PQR','PQR','2016-05-19 22:27:37','2016-05-19 22:27:37',4,NULL,NULL),(6,'BP EXPLORATION OPERATING COMPANY LIMITED_Asset','BPOCLA','Asset for account BP EXPLORATION OPERATING COMPANY LIMITED',NULL,NULL,NULL,NULL,NULL,'PQR','PQR','2016-05-19 22:27:37','2016-05-19 22:27:37',6,NULL,NULL),(7,'BP UK_Asset','BPUKA','Asset for account BP UK',NULL,NULL,NULL,NULL,NULL,'PQR','PQR','2016-05-19 22:27:37','2016-05-19 22:27:37',2,NULL,NULL),(8,'CHEVRON_Asset','CHVA','Asset for account CHEVRON',NULL,NULL,NULL,NULL,NULL,'PQR','PQR','2016-05-19 22:27:37','2016-05-19 22:27:37',5,NULL,NULL),(9,'CHINA NATIONAL OFFSHORE OI_Asset','CNOOA','Asset for account CHINA NATIONAL OFFSHORE OI',NULL,NULL,NULL,NULL,NULL,'PQR','PQR','2016-05-19 22:27:37','2016-05-19 22:27:37',5,NULL,NULL),(10,'EXXON CHEMICAL AMERICAS_Asset','ECAA','Asset for account XXON CHEMICAL AMERICAS',NULL,NULL,NULL,NULL,NULL,'PQR','PQR','2016-05-19 22:27:37','2016-05-19 22:27:37',3,NULL,NULL),(11,'FAIRFIELD ENERGY INC_Asset','FEIA','Asset for account FAIRFIELD ENERGY INC',NULL,NULL,NULL,NULL,NULL,'PQR','PQR','2016-05-19 22:27:37','2016-05-19 22:27:37',4,NULL,NULL),(12,'GAZPROM_Asset','GZPMA','Asset for account GAZPROM',NULL,NULL,NULL,NULL,NULL,'PQR','PQR','2016-05-19 22:27:37','2016-05-19 22:27:37',6,NULL,NULL),(13,'TOTAL E&P AMERICAS LLC_Asset','TEALA','Asset for account TOTAL E&P AMERICAS LLC',NULL,NULL,NULL,NULL,NULL,'PQR','PQR','2016-05-19 22:27:37','2016-05-19 22:27:37',4,NULL,NULL),(14,'TOSHIBA_Asset','TSHBA','Asset for account TOSHIBA',NULL,NULL,NULL,NULL,NULL,'PQR','PQR','2016-05-19 22:27:37','2016-05-19 22:27:37',5,NULL,NULL),(15,'Niko Resources LimitedD_Asset','NIKOA','Asset for account Niko Resources LimitedD',NULL,NULL,NULL,NULL,NULL,'PQR','PQR','2016-05-19 22:27:37','2016-05-19 22:27:37',2,NULL,NULL);
/*!40000 ALTER TABLE `assets` ENABLE KEYS */;
UNLOCK TABLES;

--
-- Table structure for table `counties`
--

DROP TABLE IF EXISTS `counties`;
/*!40101 SET @saved_cs_client     = @@character_set_client */;
/*!40101 SET character_set_client = utf8 */;
CREATE TABLE `counties` (
  `id` bigint(20) NOT NULL AUTO_INCREMENT,
  `name` varchar(255) NOT NULL,
  `stateName` varchar(255) DEFAULT NULL,
  `createdBy` varchar(50) NOT NULL,
  `updatedBy` varchar(50) NOT NULL,
  `createdAt` datetime NOT NULL,
  `updatedAt` datetime NOT NULL,
  `subGeoMarketId` bigint(20) DEFAULT NULL,
  PRIMARY KEY (`id`),
  KEY `subGeoMarketId` (`subGeoMarketId`),
  CONSTRAINT `counties_ibfk_1` FOREIGN KEY (`subGeoMarketId`) REFERENCES `subgeomarkets` (`id`) ON DELETE SET NULL ON UPDATE CASCADE
) ENGINE=InnoDB DEFAULT CHARSET=utf8;
/*!40101 SET character_set_client = @saved_cs_client */;

--
-- Dumping data for table `counties`
--

LOCK TABLES `counties` WRITE;
/*!40000 ALTER TABLE `counties` DISABLE KEYS */;
/*!40000 ALTER TABLE `counties` ENABLE KEYS */;
UNLOCK TABLES;

--
-- Table structure for table `countries`
--

DROP TABLE IF EXISTS `countries`;
/*!40101 SET @saved_cs_client     = @@character_set_client */;
/*!40101 SET character_set_client = utf8 */;
CREATE TABLE `countries` (
  `id` bigint(20) NOT NULL AUTO_INCREMENT,
  `name` varchar(255) NOT NULL,
  `createdBy` varchar(50) NOT NULL,
  `updatedBy` varchar(50) NOT NULL,
  `createdAt` datetime NOT NULL,
  `updatedAt` datetime NOT NULL,
  `areaId` bigint(20) DEFAULT NULL,
  `geoMarketId` bigint(20) DEFAULT NULL,
  `subGeoMarketId` bigint(20) DEFAULT NULL,
  PRIMARY KEY (`id`),
  KEY `areaId` (`areaId`),
  KEY `geoMarketId` (`geoMarketId`),
  KEY `subGeoMarketId` (`subGeoMarketId`),
  CONSTRAINT `countries_ibfk_1` FOREIGN KEY (`areaId`) REFERENCES `areas` (`id`) ON DELETE SET NULL ON UPDATE CASCADE,
  CONSTRAINT `countries_ibfk_2` FOREIGN KEY (`geoMarketId`) REFERENCES `geomarkets` (`id`) ON DELETE SET NULL ON UPDATE CASCADE,
  CONSTRAINT `countries_ibfk_3` FOREIGN KEY (`subGeoMarketId`) REFERENCES `subgeomarkets` (`id`) ON DELETE SET NULL ON UPDATE CASCADE
) ENGINE=InnoDB AUTO_INCREMENT=13 DEFAULT CHARSET=utf8;
/*!40101 SET character_set_client = @saved_cs_client */;

--
-- Dumping data for table `countries`
--

LOCK TABLES `countries` WRITE;
/*!40000 ALTER TABLE `countries` DISABLE KEYS */;
INSERT INTO `countries` VALUES (1,'Syria','bulk','bulk','2016-07-15 16:53:53','2016-07-15 16:53:53',4,7,12),(2,'Montenegro','bulk','bulk','2016-07-15 16:53:53','2016-07-15 16:53:53',4,7,9),(3,'India','bulk','bulk','2016-07-15 16:53:53','2016-07-15 16:53:53',1,11,13),(4,'Gambia','bulk','bulk','2016-07-15 16:53:53','2016-07-15 16:53:53',2,8,14),(5,'United States','bulk','bulk','2016-07-15 16:53:53','2016-07-15 16:53:53',5,10,15),(6,'Burkina Faso','bulk','bulk','2016-07-15 16:53:53','2016-07-15 16:53:53',2,8,14),(7,'Sierra Leone','bulk','bulk','2016-07-15 16:53:53','2016-07-15 16:53:53',2,8,14),(8,'France','bulk','bulk','2016-07-15 16:53:53','2016-07-15 16:53:53',4,7,9),(9,'Tunisia','bulk','bulk','2016-07-15 16:53:53','2016-07-15 16:53:53',5,10,11),(10,'Russia','bulk','bulk','2016-07-15 16:53:53','2016-07-15 16:53:53',4,7,9),(11,'Canada','bulk','bulk','2016-07-15 16:53:53','2016-07-15 16:53:53',5,9,16),(12,'Finland','bulk','bulk','2016-07-15 16:53:53','2016-07-15 16:53:53',4,7,9);
/*!40000 ALTER TABLE `countries` ENABLE KEYS */;
UNLOCK TABLES;

--
-- Table structure for table `customers`
--

DROP TABLE IF EXISTS `customers`;
/*!40101 SET @saved_cs_client     = @@character_set_client */;
/*!40101 SET character_set_client = utf8 */;
CREATE TABLE `customers` (
  `id` bigint(20) NOT NULL AUTO_INCREMENT,
  `name` varchar(200) NOT NULL,
  `abbreviation` varchar(100) DEFAULT NULL,
  `address` varchar(200) DEFAULT NULL,
  `alias` varchar(200) DEFAULT NULL,
  `createdBy` varchar(50) NOT NULL,
  `updatedBy` varchar(50) NOT NULL,
  `createdAt` datetime NOT NULL,
  `updatedAt` datetime NOT NULL,
  PRIMARY KEY (`id`)
) ENGINE=InnoDB AUTO_INCREMENT=16 DEFAULT CHARSET=utf8;
/*!40101 SET character_set_client = @saved_cs_client */;

--
-- Dumping data for table `customers`
--

LOCK TABLES `customers` WRITE;
/*!40000 ALTER TABLE `customers` DISABLE KEYS */;
INSERT INTO `customers` VALUES (1,'American Petroleum Sciences Limited','APSL','CALGARY_0010013913',NULL,'bulk','bulk','2016-07-15 16:53:53','2016-07-15 16:53:53'),(2,'Abu Baku Kaba Petroleum Co.','ABKPC','CALGARY',NULL,'bulk','bulk','2016-07-15 16:53:53','2016-07-15 16:53:53'),(3,'Al-Basheer El-Taba General Corporation','ABETGC','USA',NULL,'bulk','bulk','2016-07-15 16:53:53','2016-07-15 16:53:53'),(4,'Al-Rahul Petroleum Co.','ARPC','SYRIA',NULL,'bulk','bulk','2016-07-15 16:53:53','2016-07-15 16:53:53'),(5,'Al-Pahora Gohaar Underground Limited','APGUL','EGYPT',NULL,'bulk','bulk','2016-07-15 16:53:53','2016-07-15 16:53:53'),(6,'Bzpisaft Oil Corp. Limited.','BPOCL','UNITED KINGDOM',NULL,'bulk','bulk','2016-07-15 16:53:53','2016-07-15 16:53:53'),(7,'Bzpisaft UK','BPUK','UNITED KINGDOM',NULL,'bulk','bulk','2016-07-15 16:53:53','2016-07-15 16:53:53'),(8,'Arrow','ARW','PHNOM PENH',NULL,'bulk','bulk','2016-07-15 16:53:53','2016-07-15 16:53:53'),(9,'Oriental Express Oil ','CNOO','PHNOM PENH',NULL,'bulk','bulk','2016-07-15 16:53:53','2016-07-15 16:53:53'),(10,'CoaxIt Oil America','COA','TX-USA',NULL,'bulk','bulk','2016-07-15 16:53:53','2016-07-15 16:53:53'),(11,'Problem Engineering Inc.','PEI','TX-USA',NULL,'bulk','bulk','2016-07-15 16:53:53','2016-07-15 16:53:53'),(12,'Ruzzki Oil','GZPM','RUSSIA',NULL,'bulk','bulk','2016-07-15 16:53:53','2016-07-15 16:53:53'),(13,'Summation Oil AMERICAS LLC','TEAL','RUSSIA',NULL,'bulk','bulk','2016-07-15 16:53:53','2016-07-15 16:53:53'),(14,'Televized Oil Extractions','TSHB','USA',NULL,'bulk','bulk','2016-07-15 16:53:53','2016-07-15 16:53:53'),(15,'ABC Oil','OMV','SOFIYSKI GEROI STR. PRIMA BUSINESS CENTRE, FLLOR 8,1612',NULL,'bulk','bulk','2016-07-15 16:53:53','2016-07-15 16:53:53');
/*!40000 ALTER TABLE `customers` ENABLE KEYS */;
UNLOCK TABLES;

--
-- Table structure for table `fields`
--

DROP TABLE IF EXISTS `fields`;
/*!40101 SET @saved_cs_client     = @@character_set_client */;
/*!40101 SET character_set_client = utf8 */;
CREATE TABLE `fields` (
  `id` bigint(20) NOT NULL AUTO_INCREMENT,
  `name` varchar(100) NOT NULL,
  `description` varchar(255) DEFAULT NULL,
  `discoveryDate` datetime DEFAULT NULL,
  `createdBy` varchar(50) NOT NULL,
  `updatedBy` varchar(50) NOT NULL,
  `createdAt` datetime NOT NULL,
  `updatedAt` datetime NOT NULL,
  `subGeoMarketId` bigint(20) DEFAULT NULL,
  `countryId` bigint(20) DEFAULT NULL,
  `regionId` bigint(20) DEFAULT NULL,
  `customerId` bigint(20) DEFAULT NULL,
  `wellEnvironmentId` bigint(20) DEFAULT NULL,
  PRIMARY KEY (`id`),
  KEY `subGeoMarketId` (`subGeoMarketId`),
  KEY `countryId` (`countryId`),
  KEY `regionId` (`regionId`),
  KEY `customerId` (`customerId`),
  KEY `wellEnvironmentId` (`wellEnvironmentId`),
  CONSTRAINT `fields_ibfk_1` FOREIGN KEY (`subGeoMarketId`) REFERENCES `subgeomarkets` (`id`) ON DELETE SET NULL ON UPDATE CASCADE,
  CONSTRAINT `fields_ibfk_2` FOREIGN KEY (`countryId`) REFERENCES `countries` (`id`) ON DELETE SET NULL ON UPDATE CASCADE,
  CONSTRAINT `fields_ibfk_3` FOREIGN KEY (`regionId`) REFERENCES `regions` (`id`) ON DELETE SET NULL ON UPDATE CASCADE,
  CONSTRAINT `fields_ibfk_4` FOREIGN KEY (`customerId`) REFERENCES `customers` (`id`) ON DELETE SET NULL ON UPDATE CASCADE,
  CONSTRAINT `fields_ibfk_5` FOREIGN KEY (`wellEnvironmentId`) REFERENCES `referencevalues` (`id`) ON DELETE SET NULL ON UPDATE CASCADE
) ENGINE=InnoDB AUTO_INCREMENT=16 DEFAULT CHARSET=utf8;
/*!40101 SET character_set_client = @saved_cs_client */;

--
-- Dumping data for table `fields`
--

LOCK TABLES `fields` WRITE;
/*!40000 ALTER TABLE `fields` DISABLE KEYS */;
INSERT INTO `fields` VALUES (1,'AFRICAN_Asset_Field','Field for Asset AFRICAN PETROLEUM SENEGAL LIMITED_Asset',NULL,'PQR','PQR','2016-05-20 00:49:46','2016-05-20 00:49:46',3,NULL,NULL,NULL,NULL),(2,'AL BOU_Asset_Field','Field for Asset AL BOU KAMAL PETROLEUM COMPANY_Asset',NULL,'PQR','PQR','2016-05-20 00:51:44','2016-05-20 00:51:44',5,NULL,NULL,NULL,NULL),(3,'AL-KAW_Asset_Field','Field for Asset AL-KAWARI EST TRADING & GEN CONTRACTING_Asset',NULL,'PQR','PQR','2016-05-20 04:16:34','2016-05-20 04:16:34',2,NULL,NULL,NULL,NULL),(4,'AL-RASH_Asset_Field','Field for Asset AL-RASHEED PETROLEUM COMPANY (RPC)_Asset',NULL,'PQR','PQR','2016-05-20 04:16:34','2016-05-20 04:16:34',3,NULL,NULL,NULL,NULL),(5,'ATLAN_Asset_Field','Field for Asset ATLANTIC PETROLEUM GUINEA BISSAU LTD_Asset',NULL,'PQR','PQR','2016-05-20 04:16:34','2016-05-20 04:16:34',4,NULL,NULL,NULL,NULL),(6,'BPEXP_Asset_Field','Field for Asset BP EXPLORATION OPERATING COMPANY LIMITED_Asset',NULL,'PQR','PQR','2016-05-20 04:16:34','2016-05-20 04:16:34',6,NULL,NULL,NULL,NULL),(7,'BP UK_Asset_Field','Field for Asset BP UK_Asset',NULL,'PQR','PQR','2016-05-20 04:16:34','2016-05-20 04:16:34',2,NULL,NULL,NULL,NULL),(8,'CHEVR_Asset_Field','Field for Asset CHEVRON_Asset',NULL,'PQR','PQR','2016-05-20 04:16:34','2016-05-20 04:16:34',5,NULL,NULL,NULL,NULL),(9,'CHINA _Asset_Field','Field for Asset CHINA NATIONAL OFFSHORE OI_Asset',NULL,'PQR','PQR','2016-05-20 04:16:34','2016-05-20 04:16:34',5,NULL,NULL,NULL,NULL),(10,'EXXON_Asset_Field','Field for Asset EXXON CHEMICAL AMERICAS_Asset',NULL,'PQR','PQR','2016-05-20 04:16:34','2016-05-20 04:16:34',3,NULL,NULL,NULL,NULL),(11,'FAIR_Asset_Field','Field for Asset FAIRFIELD ENERGY INC_Asset',NULL,'PQR','PQR','2016-05-20 04:16:34','2016-05-20 04:16:34',4,NULL,NULL,NULL,NULL),(12,'GAZPRO_Asset_Field','Field for Asset GAZPROM_Asset',NULL,'PQR','PQR','2016-05-20 04:16:34','2016-05-20 04:16:34',6,NULL,NULL,NULL,NULL),(13,'E&P LLC_Asset_Field','Field for Asset TOTAL E&P AMERICAS LLC_Asset',NULL,'PQR','PQR','2016-05-20 04:16:34','2016-05-20 04:16:34',4,NULL,NULL,NULL,NULL),(14,'TOSHI_Asset_Field','Field for Asset TOSHIBA_Asset',NULL,'PQR','PQR','2016-05-20 04:16:34','2016-05-20 04:16:34',5,NULL,NULL,NULL,NULL),(15,'Niko_Asset_Field','Field for Asset Niko Resources LimitedD_Asset',NULL,'PQR','PQR','2016-05-20 04:16:34','2016-05-20 04:16:34',2,NULL,NULL,NULL,NULL);
/*!40000 ALTER TABLE `fields` ENABLE KEYS */;
UNLOCK TABLES;

--
-- Table structure for table `geomarkets`
--

DROP TABLE IF EXISTS `geomarkets`;
/*!40101 SET @saved_cs_client     = @@character_set_client */;
/*!40101 SET character_set_client = utf8 */;
CREATE TABLE `geomarkets` (
  `id` bigint(20) NOT NULL AUTO_INCREMENT,
  `code` varchar(5) NOT NULL,
  `name` varchar(100) DEFAULT NULL,
  `definition` varchar(200) DEFAULT NULL,
  `createdBy` varchar(50) NOT NULL,
  `updatedBy` varchar(50) NOT NULL,
  `createdAt` datetime NOT NULL,
  `updatedAt` datetime NOT NULL,
  `areaId` bigint(20) DEFAULT NULL,
  PRIMARY KEY (`id`),
  UNIQUE KEY `code` (`code`),
  UNIQUE KEY `geoMarkets_code_unique` (`code`),
  KEY `areaId` (`areaId`),
  CONSTRAINT `geomarkets_ibfk_1` FOREIGN KEY (`areaId`) REFERENCES `areas` (`id`) ON DELETE SET NULL ON UPDATE CASCADE
) ENGINE=InnoDB AUTO_INCREMENT=12 DEFAULT CHARSET=utf8;
/*!40101 SET character_set_client = @saved_cs_client */;

--
-- Dumping data for table `geomarkets`
--

LOCK TABLES `geomarkets` WRITE;
/*!40000 ALTER TABLE `geomarkets` DISABLE KEYS */;
INSERT INTO `geomarkets` VALUES (1,'APG','Australia and Papua New Guinea',NULL,'bulk','bulk','2016-07-15 16:53:53','2016-07-15 16:53:53',1),(2,'BMP','Brunei, Malaysia, Philippines',NULL,'bulk','bulk','2016-07-15 16:53:53','2016-07-15 16:53:53',1),(3,'ANG','Angola',NULL,'bulk','bulk','2016-07-15 16:53:53','2016-07-15 16:53:53',2),(4,'CEU','Continental Europe',NULL,'bulk','bulk','2016-07-15 16:53:53','2016-07-15 16:53:53',2),(5,'CUB','Cuba',NULL,'bulk','bulk','2016-07-15 16:53:53','2016-07-15 16:53:53',3),(6,'MCA','Mexico Area HQ',NULL,'bulk','bulk','2016-07-15 16:53:53','2016-07-15 16:53:53',3),(7,'ARM','Arabian Market',NULL,'bulk','bulk','2016-07-15 16:53:53','2016-07-15 16:53:53',4),(8,'NGA','Nigeria & Gulf of Kenya, Africa',NULL,'bulk','bulk','2016-07-15 16:53:53','2016-07-15 16:53:53',2),(9,'CAN','Western Canada',NULL,'bulk','bulk','2016-07-15 16:53:53','2016-07-15 16:53:53',5),(10,'USL','US Land',NULL,'bulk','bulk','2016-07-15 16:53:53','2016-07-15 16:53:53',5),(11,'SEA','South & East Asia',NULL,'bulk','bulk','2016-07-15 16:53:53','2016-07-15 16:53:53',1);
/*!40000 ALTER TABLE `geomarkets` ENABLE KEYS */;
UNLOCK TABLES;

--
-- Table structure for table `groupactivities`
--

DROP TABLE IF EXISTS `groupactivities`;
/*!40101 SET @saved_cs_client     = @@character_set_client */;
/*!40101 SET character_set_client = utf8 */;
CREATE TABLE `groupactivities` (
  `id` bigint(20) NOT NULL AUTO_INCREMENT,
  `activityCount` int(11) DEFAULT NULL,
  `startDate` datetime DEFAULT NULL,
  `endDate` datetime DEFAULT NULL,
  `rigCount` int(11) DEFAULT NULL,
  `name` varchar(40) DEFAULT NULL,
  `duration` decimal(10,0) DEFAULT NULL,
  `accountCategoryId` bigint(20) DEFAULT NULL,
  `gacAccountId` bigint(20) DEFAULT NULL,
  `projectId` bigint(20) DEFAULT NULL,
  `description` varchar(255) DEFAULT NULL,
  `createdBy` varchar(50) NOT NULL,
  `updatedBy` varchar(50) NOT NULL,
  `createdAt` datetime NOT NULL,
  `updatedAt` datetime NOT NULL,
  `geoMarketId` bigint(20) DEFAULT NULL,
  `subGeoMarketId` bigint(20) DEFAULT NULL,
  `assetId` bigint(20) DEFAULT NULL,
  `fieldId` bigint(20) DEFAULT NULL,
  `activityProbabilityId` bigint(20) DEFAULT NULL,
  `activityTypeId` bigint(20) DEFAULT NULL,
  PRIMARY KEY (`id`),
  KEY `geoMarketId` (`geoMarketId`),
  KEY `subGeoMarketId` (`subGeoMarketId`),
  KEY `assetId` (`assetId`),
  KEY `fieldId` (`fieldId`),
  KEY `activityProbabilityId` (`activityProbabilityId`),
  KEY `activityTypeId` (`activityTypeId`),
  CONSTRAINT `groupactivities_ibfk_1` FOREIGN KEY (`geoMarketId`) REFERENCES `geomarkets` (`id`) ON DELETE SET NULL ON UPDATE CASCADE,
  CONSTRAINT `groupactivities_ibfk_2` FOREIGN KEY (`subGeoMarketId`) REFERENCES `subgeomarkets` (`id`) ON DELETE SET NULL ON UPDATE CASCADE,
  CONSTRAINT `groupactivities_ibfk_3` FOREIGN KEY (`assetId`) REFERENCES `assets` (`id`) ON DELETE SET NULL ON UPDATE CASCADE,
  CONSTRAINT `groupactivities_ibfk_4` FOREIGN KEY (`fieldId`) REFERENCES `fields` (`id`) ON DELETE SET NULL ON UPDATE CASCADE,
  CONSTRAINT `groupactivities_ibfk_5` FOREIGN KEY (`activityProbabilityId`) REFERENCES `referencevalues` (`id`) ON DELETE SET NULL ON UPDATE CASCADE,
  CONSTRAINT `groupactivities_ibfk_6` FOREIGN KEY (`activityTypeId`) REFERENCES `referencevalues` (`id`) ON DELETE SET NULL ON UPDATE CASCADE
) ENGINE=InnoDB DEFAULT CHARSET=utf8;
/*!40101 SET character_set_client = @saved_cs_client */;

--
-- Dumping data for table `groupactivities`
--

LOCK TABLES `groupactivities` WRITE;
/*!40000 ALTER TABLE `groupactivities` DISABLE KEYS */;
/*!40000 ALTER TABLE `groupactivities` ENABLE KEYS */;
UNLOCK TABLES;

--
-- Table structure for table `holesections`
--

DROP TABLE IF EXISTS `holesections`;
/*!40101 SET @saved_cs_client     = @@character_set_client */;
/*!40101 SET character_set_client = utf8 */;
CREATE TABLE `holesections` (
  `id` bigint(20) NOT NULL AUTO_INCREMENT,
  `wellSection` varchar(100) NOT NULL,
  `createdBy` varchar(50) NOT NULL,
  `updatedBy` varchar(50) NOT NULL,
  `createdAt` datetime NOT NULL,
  `updatedAt` datetime NOT NULL,
  `wellId` bigint(20) DEFAULT NULL,
  `wellMudTypeId` bigint(20) DEFAULT NULL,
  `wellHoleSizeId` bigint(20) DEFAULT NULL,
  PRIMARY KEY (`id`),
  KEY `wellId` (`wellId`),
  KEY `wellMudTypeId` (`wellMudTypeId`),
  KEY `wellHoleSizeId` (`wellHoleSizeId`),
  CONSTRAINT `holesections_ibfk_1` FOREIGN KEY (`wellId`) REFERENCES `wells` (`id`) ON DELETE SET NULL ON UPDATE CASCADE,
  CONSTRAINT `holesections_ibfk_2` FOREIGN KEY (`wellMudTypeId`) REFERENCES `referencevalues` (`id`) ON DELETE SET NULL ON UPDATE CASCADE,
  CONSTRAINT `holesections_ibfk_3` FOREIGN KEY (`wellHoleSizeId`) REFERENCES `referencevalues` (`id`) ON DELETE SET NULL ON UPDATE CASCADE
) ENGINE=InnoDB DEFAULT CHARSET=utf8;
/*!40101 SET character_set_client = @saved_cs_client */;

--
-- Dumping data for table `holesections`
--

LOCK TABLES `holesections` WRITE;
/*!40000 ALTER TABLE `holesections` DISABLE KEYS */;
/*!40000 ALTER TABLE `holesections` ENABLE KEYS */;
UNLOCK TABLES;

--
-- Table structure for table `referencetypes`
--

DROP TABLE IF EXISTS `referencetypes`;
/*!40101 SET @saved_cs_client     = @@character_set_client */;
/*!40101 SET character_set_client = utf8 */;
CREATE TABLE `referencetypes` (
  `id` bigint(20) NOT NULL AUTO_INCREMENT,
  `refType` varchar(30) NOT NULL,
  `createdBy` varchar(50) NOT NULL,
  `updatedBy` varchar(50) NOT NULL,
  `createdAt` datetime NOT NULL,
  `updatedAt` datetime NOT NULL,
  PRIMARY KEY (`id`),
  UNIQUE KEY `refType` (`refType`),
  UNIQUE KEY `referenceTypes_refType_unique` (`refType`)
) ENGINE=InnoDB AUTO_INCREMENT=21 DEFAULT CHARSET=utf8;
/*!40101 SET character_set_client = @saved_cs_client */;

--
-- Dumping data for table `referencetypes`
--

LOCK TABLES `referencetypes` WRITE;
/*!40000 ALTER TABLE `referencetypes` DISABLE KEYS */;
INSERT INTO `referencetypes` VALUES (1,'activityType','bulk','bulk','2016-07-15 16:53:53','2016-07-15 16:53:53'),(2,'accountCreditRating','bulk','bulk','2016-07-15 16:53:53','2016-07-15 16:53:53'),(3,'wellDrillingValue','bulk','bulk','2016-07-15 16:53:53','2016-07-15 16:53:53'),(4,'wellFormation','bulk','bulk','2016-07-15 16:53:53','2016-07-15 16:53:53'),(5,'wellHoleSize','bulk','bulk','2016-07-15 16:53:53','2016-07-15 16:53:53'),(6,'wellProjectedMeasuredDepth','bulk','bulk','2016-07-15 16:53:53','2016-07-15 16:53:53'),(7,'wellMudType','bulk','bulk','2016-07-15 16:53:53','2016-07-15 16:53:53'),(8,'activityProbability','bulk','bulk','2016-07-15 16:53:53','2016-07-15 16:53:53'),(9,'technicalChallenge','bulk','bulk','2016-07-15 16:53:53','2016-07-15 16:53:53'),(10,'unitOperator','bulk','bulk','2016-07-15 16:53:53','2016-07-15 16:53:53'),(11,'unitType','bulk','bulk','2016-07-15 16:53:53','2016-07-15 16:53:53'),(12,'wellProjectedVerticalDepth','bulk','bulk','2016-07-15 16:53:53','2016-07-15 16:53:53'),(13,'wellCompletionType','bulk','bulk','2016-07-15 16:53:53','2016-07-15 16:53:53'),(14,'wellEnvironment','bulk','bulk','2016-07-15 16:53:53','2016-07-15 16:53:53'),(15,'wellGeometryValue','bulk','bulk','2016-07-15 16:53:53','2016-07-15 16:53:53'),(16,'wellPressure','bulk','bulk','2016-07-15 16:53:53','2016-07-15 16:53:53'),(17,'wellStatus','bulk','bulk','2016-07-15 16:53:53','2016-07-15 16:53:53'),(18,'wellType','bulk','bulk','2016-07-15 16:53:53','2016-07-15 16:53:53'),(19,'wellTemperature','bulk','bulk','2016-07-15 16:53:53','2016-07-15 16:53:53'),(20,'unitSubType','bulk','bulk','2016-07-15 16:53:53','2016-07-15 16:53:53');
/*!40000 ALTER TABLE `referencetypes` ENABLE KEYS */;
UNLOCK TABLES;

--
-- Table structure for table `referencevalues`
--

DROP TABLE IF EXISTS `referencevalues`;
/*!40101 SET @saved_cs_client     = @@character_set_client */;
/*!40101 SET character_set_client = utf8 */;
CREATE TABLE `referencevalues` (
  `id` bigint(20) NOT NULL AUTO_INCREMENT,
  `refValue1` varchar(30) NOT NULL,
  `refValue2` varchar(30) DEFAULT NULL,
  `refValue3` varchar(30) DEFAULT NULL,
  `refValue4` varchar(30) DEFAULT NULL,
  `refValue5` varchar(30) DEFAULT NULL,
  `refValue6` varchar(30) DEFAULT NULL,
  `createdBy` varchar(50) NOT NULL,
  `updatedBy` varchar(50) NOT NULL,
  `createdAt` datetime NOT NULL,
  `updatedAt` datetime NOT NULL,
  `referenceTypeId` bigint(20) DEFAULT NULL,
  PRIMARY KEY (`id`),
  KEY `referenceTypeId` (`referenceTypeId`),
  CONSTRAINT `referencevalues_ibfk_1` FOREIGN KEY (`referenceTypeId`) REFERENCES `referencetypes` (`id`) ON DELETE SET NULL ON UPDATE CASCADE
) ENGINE=InnoDB AUTO_INCREMENT=206 DEFAULT CHARSET=utf8;
/*!40101 SET character_set_client = @saved_cs_client */;

--
-- Dumping data for table `referencevalues`
--

LOCK TABLES `referencevalues` WRITE;
/*!40000 ALTER TABLE `referencevalues` DISABLE KEYS */;
INSERT INTO `referencevalues` VALUES (1,'Construction','','','','','','bulk','bulk','2016-07-15 16:53:53','2016-07-15 16:53:53',1),(2,'Completion','','','','','','bulk','bulk','2016-07-15 16:53:53','2016-07-15 16:53:53',1),(3,'Intervention','','','','','','bulk','bulk','2016-07-15 16:53:53','2016-07-15 16:53:53',1),(4,'Prod maintenance','','','','','','bulk','bulk','2016-07-15 16:53:53','2016-07-15 16:53:53',1),(5,'Well abandonment','','','','','','bulk','bulk','2016-07-15 16:53:53','2016-07-15 16:53:53',1),(6,'Seismic Surveys','','','','','','bulk','bulk','2016-07-15 16:53:53','2016-07-15 16:53:53',1),(7,'Banned','','','','','','bulk','bulk','2016-07-15 16:53:53','2016-07-15 16:53:53',2),(8,'Conditional','','','','','','bulk','bulk','2016-07-15 16:53:53','2016-07-15 16:53:53',2),(9,'Limited','','','','','','bulk','bulk','2016-07-15 16:53:53','2016-07-15 16:53:53',2),(10,'Unlimited','','','','','','bulk','bulk','2016-07-15 16:53:53','2016-07-15 16:53:53',2),(11,'exploration','','','','','','bulk','bulk','2016-07-15 16:53:53','2016-07-15 16:53:53',3),(12,'appraisal','','','','','','bulk','bulk','2016-07-15 16:53:53','2016-07-15 16:53:53',3),(13,'Oil','','','','','','bulk','bulk','2016-07-15 16:53:53','2016-07-15 16:53:53',3),(14,'Gas','','','','','','bulk','bulk','2016-07-15 16:53:53','2016-07-15 16:53:53',3),(15,'Injection Gas','','','','','','bulk','bulk','2016-07-15 16:53:53','2016-07-15 16:53:53',3),(16,'Injection Water','','','','','','bulk','bulk','2016-07-15 16:53:53','2016-07-15 16:53:53',3),(17,'Geothermal','','','','','','bulk','bulk','2016-07-15 16:53:53','2016-07-15 16:53:53',3),(18,'CO2 sequestration','','','','','','bulk','bulk','2016-07-15 16:53:53','2016-07-15 16:53:53',3),(19,'Carbonate','','','','','','bulk','bulk','2016-07-15 16:53:53','2016-07-15 16:53:53',4),(20,'Chalk','','','','','','bulk','bulk','2016-07-15 16:53:53','2016-07-15 16:53:53',4),(21,'Coal','','','','','','bulk','bulk','2016-07-15 16:53:53','2016-07-15 16:53:53',4),(22,'Dolomite','','','','','','bulk','bulk','2016-07-15 16:53:53','2016-07-15 16:53:53',4),(23,'Limestone','','','','','','bulk','bulk','2016-07-15 16:53:53','2016-07-15 16:53:53',4),(24,'Pre-Salt','','','','','','bulk','bulk','2016-07-15 16:53:53','2016-07-15 16:53:53',4),(25,'Sandstone','','','','','','bulk','bulk','2016-07-15 16:53:53','2016-07-15 16:53:53',4),(26,'Shale','','','','','','bulk','bulk','2016-07-15 16:53:53','2016-07-15 16:53:53',4),(27,'Volcanic (Basalt, granite etc)','','','','','','bulk','bulk','2016-07-15 16:53:53','2016-07-15 16:53:53',4),(28,'Siltstone','','','','','','bulk','bulk','2016-07-15 16:53:53','2016-07-15 16:53:53',4),(29,'Other','','','','','','bulk','bulk','2016-07-15 16:53:53','2016-07-15 16:53:53',4),(30,'3.000','','','','','','bulk','bulk','2016-07-15 16:53:53','2016-07-15 16:53:53',5),(31,'3.125','','','','','','bulk','bulk','2016-07-15 16:53:53','2016-07-15 16:53:53',5),(32,'3.250','','','','','','bulk','bulk','2016-07-15 16:53:53','2016-07-15 16:53:53',5),(33,'3.375','','','','','','bulk','bulk','2016-07-15 16:53:53','2016-07-15 16:53:53',5),(34,'3.500','','','','','','bulk','bulk','2016-07-15 16:53:53','2016-07-15 16:53:53',5),(35,'3.625','','','','','','bulk','bulk','2016-07-15 16:53:53','2016-07-15 16:53:53',5),(36,'3.750','','','','','','bulk','bulk','2016-07-15 16:53:53','2016-07-15 16:53:53',5),(37,'3.875','','','','','','bulk','bulk','2016-07-15 16:53:53','2016-07-15 16:53:53',5),(38,'4.000','','','','','','bulk','bulk','2016-07-15 16:53:53','2016-07-15 16:53:53',5),(39,'4.125','','','','','','bulk','bulk','2016-07-15 16:53:53','2016-07-15 16:53:53',5),(40,'4.250','','','','','','bulk','bulk','2016-07-15 16:53:53','2016-07-15 16:53:53',5),(41,'4.375','','','','','','bulk','bulk','2016-07-15 16:53:53','2016-07-15 16:53:53',5),(42,'4.500','','','','','','bulk','bulk','2016-07-15 16:53:53','2016-07-15 16:53:53',5),(43,'4.625','','','','','','bulk','bulk','2016-07-15 16:53:53','2016-07-15 16:53:53',5),(44,'4.750','','','','','','bulk','bulk','2016-07-15 16:53:53','2016-07-15 16:53:53',5),(45,'4.875','','','','','','bulk','bulk','2016-07-15 16:53:53','2016-07-15 16:53:53',5),(46,'5.000','','','','','','bulk','bulk','2016-07-15 16:53:53','2016-07-15 16:53:53',5),(47,'5.125','','','','','','bulk','bulk','2016-07-15 16:53:53','2016-07-15 16:53:53',5),(48,'5.250','','','','','','bulk','bulk','2016-07-15 16:53:53','2016-07-15 16:53:53',5),(49,'5.375','','','','','','bulk','bulk','2016-07-15 16:53:53','2016-07-15 16:53:53',5),(50,'5.500','','','','','','bulk','bulk','2016-07-15 16:53:53','2016-07-15 16:53:53',5),(51,'5.625','','','','','','bulk','bulk','2016-07-15 16:53:53','2016-07-15 16:53:53',5),(52,'5.750','','','','','','bulk','bulk','2016-07-15 16:53:53','2016-07-15 16:53:53',5),(53,'5.875','','','','','','bulk','bulk','2016-07-15 16:53:53','2016-07-15 16:53:53',5),(54,'6.000','','','','','','bulk','bulk','2016-07-15 16:53:53','2016-07-15 16:53:53',5),(55,'6.125','','','','','','bulk','bulk','2016-07-15 16:53:53','2016-07-15 16:53:53',5),(56,'6.250','','','','','','bulk','bulk','2016-07-15 16:53:53','2016-07-15 16:53:53',5),(57,'6.375','','','','','','bulk','bulk','2016-07-15 16:53:53','2016-07-15 16:53:53',5),(58,'6.500','','','','','','bulk','bulk','2016-07-15 16:53:53','2016-07-15 16:53:53',5),(59,'6.625','','','','','','bulk','bulk','2016-07-15 16:53:53','2016-07-15 16:53:53',5),(60,'6.750','','','','','','bulk','bulk','2016-07-15 16:53:53','2016-07-15 16:53:53',5),(61,'6.875','','','','','','bulk','bulk','2016-07-15 16:53:53','2016-07-15 16:53:53',5),(62,'7.000','','','','','','bulk','bulk','2016-07-15 16:53:53','2016-07-15 16:53:53',5),(63,'7.125','','','','','','bulk','bulk','2016-07-15 16:53:53','2016-07-15 16:53:53',5),(64,'7.250','','','','','','bulk','bulk','2016-07-15 16:53:53','2016-07-15 16:53:53',5),(65,'7.375','','','','','','bulk','bulk','2016-07-15 16:53:53','2016-07-15 16:53:53',5),(66,'7.500','','','','','','bulk','bulk','2016-07-15 16:53:53','2016-07-15 16:53:53',5),(67,'7.625','','','','','','bulk','bulk','2016-07-15 16:53:53','2016-07-15 16:53:53',5),(68,'7.750','','','','','','bulk','bulk','2016-07-15 16:53:53','2016-07-15 16:53:53',5),(69,'7.875','','','','','','bulk','bulk','2016-07-15 16:53:53','2016-07-15 16:53:53',5),(70,'8.000','','','','','','bulk','bulk','2016-07-15 16:53:53','2016-07-15 16:53:53',5),(71,'8.125','','','','','','bulk','bulk','2016-07-15 16:53:53','2016-07-15 16:53:53',5),(72,'8.250','','','','','','bulk','bulk','2016-07-15 16:53:53','2016-07-15 16:53:53',5),(73,'8.375','','','','','','bulk','bulk','2016-07-15 16:53:53','2016-07-15 16:53:53',5),(74,'8.500','','','','','','bulk','bulk','2016-07-15 16:53:53','2016-07-15 16:53:53',5),(75,'8.625','','','','','','bulk','bulk','2016-07-15 16:53:53','2016-07-15 16:53:53',5),(76,'8.750','','','','','','bulk','bulk','2016-07-15 16:53:53','2016-07-15 16:53:53',5),(77,'8.875','','','','','','bulk','bulk','2016-07-15 16:53:53','2016-07-15 16:53:53',5),(78,'9.000','','','','','','bulk','bulk','2016-07-15 16:53:53','2016-07-15 16:53:53',5),(79,'9.125','','','','','','bulk','bulk','2016-07-15 16:53:53','2016-07-15 16:53:53',5),(80,'9.250','','','','','','bulk','bulk','2016-07-15 16:53:53','2016-07-15 16:53:53',5),(81,'9.375','','','','','','bulk','bulk','2016-07-15 16:53:53','2016-07-15 16:53:53',5),(82,'9.500','','','','','','bulk','bulk','2016-07-15 16:53:53','2016-07-15 16:53:53',5),(83,'9.625','','','','','','bulk','bulk','2016-07-15 16:53:53','2016-07-15 16:53:53',5),(84,'9.750','','','','','','bulk','bulk','2016-07-15 16:53:53','2016-07-15 16:53:53',5),(85,'9.875','','','','','','bulk','bulk','2016-07-15 16:53:53','2016-07-15 16:53:53',5),(86,'10.000','','','','','','bulk','bulk','2016-07-15 16:53:53','2016-07-15 16:53:53',5),(87,'0 - 2000','0 - 609.6','','','','','bulk','bulk','2016-07-15 16:53:53','2016-07-15 16:53:53',6),(88,'2000 - 4000','609.6 - 1219.2','','','','','bulk','bulk','2016-07-15 16:53:53','2016-07-15 16:53:53',6),(89,'4000 - 6000','609.6 - 1219.2','','','','','bulk','bulk','2016-07-15 16:53:53','2016-07-15 16:53:53',6),(90,'6000 - 8000','1219.2 - 1828.8','','','','','bulk','bulk','2016-07-15 16:53:53','2016-07-15 16:53:53',6),(91,'8000 - 10000','1828.8 - 2438.4','','','','','bulk','bulk','2016-07-15 16:53:53','2016-07-15 16:53:53',6),(92,'10000 - 12000','2438.4 - 3048','','','','','bulk','bulk','2016-07-15 16:53:53','2016-07-15 16:53:53',6),(93,'12000 - 14000','3048 - 3657.6','','','','','bulk','bulk','2016-07-15 16:53:53','2016-07-15 16:53:53',6),(94,'14000 - 16000','3657.6 - 4267.2','','','','','bulk','bulk','2016-07-15 16:53:53','2016-07-15 16:53:53',6),(95,'16000 - 18000','4267.2 - 4876.8','','','','','bulk','bulk','2016-07-15 16:53:53','2016-07-15 16:53:53',6),(96,'18000 - 20000','4876.8 - 5486.4','','','','','bulk','bulk','2016-07-15 16:53:53','2016-07-15 16:53:53',6),(97,'> 20000','5486.4 - 6096','','','','','bulk','bulk','2016-07-15 16:53:53','2016-07-15 16:53:53',6),(98,'WBM','','','','','','bulk','bulk','2016-07-15 16:53:53','2016-07-15 16:53:53',7),(99,'NAF','','','','','','bulk','bulk','2016-07-15 16:53:53','2016-07-15 16:53:53',7),(100,'High','','','','','','bulk','bulk','2016-07-15 16:53:53','2016-07-15 16:53:53',8),(101,'Medium','','','','','','bulk','bulk','2016-07-15 16:53:53','2016-07-15 16:53:53',8),(102,'Low','','','','','','bulk','bulk','2016-07-15 16:53:53','2016-07-15 16:53:53',8),(103,'Arctic','','','','','','bulk','bulk','2016-07-15 16:53:53','2016-07-15 16:53:53',9),(104,'Corrosive Environment','','','','','','bulk','bulk','2016-07-15 16:53:53','2016-07-15 16:53:53',9),(105,'Enhanced Oil Recovery','','','','','','bulk','bulk','2016-07-15 16:53:53','2016-07-15 16:53:53',9),(106,'Extended Reach','','','','','','bulk','bulk','2016-07-15 16:53:53','2016-07-15 16:53:53',9),(107,'Heavy Oil','','','','','','bulk','bulk','2016-07-15 16:53:53','2016-07-15 16:53:53',9),(108,'High Water-cut','','','','','','bulk','bulk','2016-07-15 16:53:53','2016-07-15 16:53:53',9),(109,'Corrosive Environment','','','','','','bulk','bulk','2016-07-15 16:53:53','2016-07-15 16:53:53',9),(110,'HPHT','','','','','','bulk','bulk','2016-07-15 16:53:53','2016-07-15 16:53:53',9),(111,'Hydrates','','','','','','bulk','bulk','2016-07-15 16:53:53','2016-07-15 16:53:53',9),(112,'Low Flow Rate','','','','','','bulk','bulk','2016-07-15 16:53:53','2016-07-15 16:53:53',9),(113,'Real-time Operations','','','','','','bulk','bulk','2016-07-15 16:53:53','2016-07-15 16:53:53',9),(114,'Remote Operations','','','','','','bulk','bulk','2016-07-15 16:53:53','2016-07-15 16:53:53',9),(115,'Surface Infrastructure','','','','','','bulk','bulk','2016-07-15 16:53:53','2016-07-15 16:53:53',9),(116,'Tight Formation','','','','','','bulk','bulk','2016-07-15 16:53:53','2016-07-15 16:53:53',9),(117,'Unconsolidated Formation','','','','','','bulk','bulk','2016-07-15 16:53:53','2016-07-15 16:53:53',9),(118,'Underbalanced Drilling','','','','','','bulk','bulk','2016-07-15 16:53:53','2016-07-15 16:53:53',9),(119,'BP','','','','','','bulk','bulk','2016-07-15 16:53:53','2016-07-15 16:53:53',10),(120,'Shell','','','','','','bulk','bulk','2016-07-15 16:53:53','2016-07-15 16:53:53',10),(121,'Exxon','','','','','','bulk','bulk','2016-07-15 16:53:53','2016-07-15 16:53:53',10),(122,'Chevron','','','','','','bulk','bulk','2016-07-15 16:53:53','2016-07-15 16:53:53',10),(123,'BP','','','','','','bulk','bulk','2016-07-15 16:53:53','2016-07-15 16:53:53',10),(124,'Shell','','','','','','bulk','bulk','2016-07-15 16:53:53','2016-07-15 16:53:53',10),(125,'Chevron','','','','','','bulk','bulk','2016-07-15 16:53:53','2016-07-15 16:53:53',10),(126,'Exxon','','','','','','bulk','bulk','2016-07-15 16:53:53','2016-07-15 16:53:53',10),(127,'BP','','','','','','bulk','bulk','2016-07-15 16:53:53','2016-07-15 16:53:53',10),(128,'Shell','','','','','','bulk','bulk','2016-07-15 16:53:53','2016-07-15 16:53:53',10),(129,'Rigs','','','','','','bulk','bulk','2016-07-15 16:53:53','2016-07-15 16:53:53',11),(130,'Intervention Units','','','','','','bulk','bulk','2016-07-15 16:53:53','2016-07-15 16:53:53',11),(131,'Production Units','','','','','','bulk','bulk','2016-07-15 16:53:53','2016-07-15 16:53:53',11),(132,'0 - 2000','0 - 609.6','','','','','bulk','bulk','2016-07-15 16:53:53','2016-07-15 16:53:53',12),(133,'2000 - 4000','609.6 - 1219.2','','','','','bulk','bulk','2016-07-15 16:53:53','2016-07-15 16:53:53',12),(134,'4000 - 6000','609.6 - 1219.2','','','','','bulk','bulk','2016-07-15 16:53:53','2016-07-15 16:53:53',12),(135,'6000 - 8000','1219.2 - 1828.8','','','','','bulk','bulk','2016-07-15 16:53:53','2016-07-15 16:53:53',12),(136,'8000 - 10000','1828.8 - 2438.4','','','','','bulk','bulk','2016-07-15 16:53:53','2016-07-15 16:53:53',12),(137,'10000 - 12000','2438.4 - 3048','','','','','bulk','bulk','2016-07-15 16:53:53','2016-07-15 16:53:53',12),(138,'12000 - 14000','3048 - 3657.6','','','','','bulk','bulk','2016-07-15 16:53:53','2016-07-15 16:53:53',12),(139,'14000 - 16000','3657.6 - 4267.2','','','','','bulk','bulk','2016-07-15 16:53:53','2016-07-15 16:53:53',12),(140,'16000 - 18000','4267.2 - 4876.8','','','','','bulk','bulk','2016-07-15 16:53:53','2016-07-15 16:53:53',12),(141,'18000 - 20000','4876.8 - 5486.4','','','','','bulk','bulk','2016-07-15 16:53:53','2016-07-15 16:53:53',12),(142,'> 20000','5486.4 - 6096','','','','','bulk','bulk','2016-07-15 16:53:53','2016-07-15 16:53:53',12),(143,'Sand Control','','','','','','bulk','bulk','2016-07-15 16:53:53','2016-07-15 16:53:53',13),(144,'Fracturic','','','','','','bulk','bulk','2016-07-15 16:53:53','2016-07-15 16:53:53',13),(145,'Multilateral','','','','','','bulk','bulk','2016-07-15 16:53:53','2016-07-15 16:53:53',13),(146,'Land','','','','','','bulk','bulk','2016-07-15 16:53:53','2016-07-15 16:53:53',14),(147,'Swamp/Inland Waters','','','','','','bulk','bulk','2016-07-15 16:53:53','2016-07-15 16:53:53',14),(148,'Offshore - Shallow','','','','','','bulk','bulk','2016-07-15 16:53:53','2016-07-15 16:53:53',14),(149,'Offshore - Deepwater','','','','','','bulk','bulk','2016-07-15 16:53:53','2016-07-15 16:53:53',14),(150,'NA','','','','','','bulk','bulk','2016-07-15 16:53:53','2016-07-15 16:53:53',14),(151,'Horizontal','','','','','','bulk','bulk','2016-07-15 16:53:53','2016-07-15 16:53:53',15),(152,'Directional','','','','','','bulk','bulk','2016-07-15 16:53:53','2016-07-15 16:53:53',15),(153,'Vertical','','','','','','bulk','bulk','2016-07-15 16:53:53','2016-07-15 16:53:53',15),(154,'0 - 2500','0-17237','0-17','0-172','','','bulk','bulk','2016-07-15 16:53:53','2016-07-15 16:53:53',16),(155,'2501 - 5000','17238-34475','18-34','173-344','','','bulk','bulk','2016-07-15 16:53:53','2016-07-15 16:53:53',16),(156,'5001 - 7500','34476-51713','35-51','335-516','','','bulk','bulk','2016-07-15 16:53:53','2016-07-15 16:53:53',16),(157,'7501 - 10000','51714-68951','52-68','517-688','','','bulk','bulk','2016-07-15 16:53:53','2016-07-15 16:53:53',16),(158,'10001 - 12500','68952-86189','69-85','689-860','','','bulk','bulk','2016-07-15 16:53:53','2016-07-15 16:53:53',16),(159,'12501 - 15000','86190-103427','86-102','861-1032','','','bulk','bulk','2016-07-15 16:53:53','2016-07-15 16:53:53',16),(160,'15001 - 17500','103428-120665','103-119','1033-1204','','','bulk','bulk','2016-07-15 16:53:53','2016-07-15 16:53:53',16),(161,'17501 - 20000','120666-137903','120-136','1205-1376','','','bulk','bulk','2016-07-15 16:53:53','2016-07-15 16:53:53',16),(162,'20001 - 22500','137904-155141','137-153','1378-1548','','','bulk','bulk','2016-07-15 16:53:53','2016-07-15 16:53:53',16),(163,'22501 - 25000','155142-172379','154-170','1549-1720','','','bulk','bulk','2016-07-15 16:53:53','2016-07-15 16:53:53',16),(164,'25001 - 27500','172380-189617','171-187','1721-1892','','','bulk','bulk','2016-07-15 16:53:53','2016-07-15 16:53:53',16),(165,'27501 - 30000','189618-206855','188-204','1893-2065','','','bulk','bulk','2016-07-15 16:53:53','2016-07-15 16:53:53',16),(166,'Producing','','','','','','bulk','bulk','2016-07-15 16:53:53','2016-07-15 16:53:53',17),(167,'Shut in','','','','','','bulk','bulk','2016-07-15 16:53:53','2016-07-15 16:53:53',17),(168,'Plugged','','','','','','bulk','bulk','2016-07-15 16:53:53','2016-07-15 16:53:53',17),(169,'Injector','','','','','','bulk','bulk','2016-07-15 16:53:53','2016-07-15 16:53:53',17),(170,'P&A','','','','','','bulk','bulk','2016-07-15 16:53:53','2016-07-15 16:53:53',17),(171,'Development - Oil','','','','','','bulk','bulk','2016-07-15 16:53:53','2016-07-15 16:53:53',18),(172,'Development - Gas','','','','','','bulk','bulk','2016-07-15 16:53:53','2016-07-15 16:53:53',18),(173,'Exploration & Appraisal Well','','','','','','bulk','bulk','2016-07-15 16:53:53','2016-07-15 16:53:53',18),(174,'Injector well','','','','','','bulk','bulk','2016-07-15 16:53:53','2016-07-15 16:53:53',18),(175,'Geothermal','','','','','','bulk','bulk','2016-07-15 16:53:53','2016-07-15 16:53:53',18),(176,'CO2 Sequestration','','','','','','bulk','bulk','2016-07-15 16:53:53','2016-07-15 16:53:53',18),(177,'Mining & Construction','','','','','','bulk','bulk','2016-07-15 16:53:53','2016-07-15 16:53:53',18),(178,'Monitoring','','','','','','bulk','bulk','2016-07-15 16:53:53','2016-07-15 16:53:53',18),(179,'Underground Gas Storage','','','','','','bulk','bulk','2016-07-15 16:53:53','2016-07-15 16:53:53',18),(180,'Water Well','','','','','','bulk','bulk','2016-07-15 16:53:53','2016-07-15 16:53:53',18),(181,'25-50','-3-11','','','','','bulk','bulk','2016-07-15 16:53:53','2016-07-15 16:53:53',19),(182,'51-75','12-25','','','','','bulk','bulk','2016-07-15 16:53:53','2016-07-15 16:53:53',19),(183,'76-100','26-39','','','','','bulk','bulk','2016-07-15 16:53:53','2016-07-15 16:53:53',19),(184,'101-125','40-53','','','','','bulk','bulk','2016-07-15 16:53:53','2016-07-15 16:53:53',19),(185,'126-150','54-67','','','','','bulk','bulk','2016-07-15 16:53:53','2016-07-15 16:53:53',19),(186,'151-175','68-81','','','','','bulk','bulk','2016-07-15 16:53:53','2016-07-15 16:53:53',19),(187,'176-200','82-95','','','','','bulk','bulk','2016-07-15 16:53:53','2016-07-15 16:53:53',19),(188,'201-225','96-109','','','','','bulk','bulk','2016-07-15 16:53:53','2016-07-15 16:53:53',19),(189,'226-250','110-123','','','','','bulk','bulk','2016-07-15 16:53:53','2016-07-15 16:53:53',19),(190,'251-275','124-137','','','','','bulk','bulk','2016-07-15 16:53:53','2016-07-15 16:53:53',19),(191,'276-300','138-151','','','','','bulk','bulk','2016-07-15 16:53:53','2016-07-15 16:53:53',19),(192,'301-325','152-165','','','','','bulk','bulk','2016-07-15 16:53:53','2016-07-15 16:53:53',19),(193,'326-350','166-179','','','','','bulk','bulk','2016-07-15 16:53:53','2016-07-15 16:53:53',19),(194,'351-375','178-193','','','','','bulk','bulk','2016-07-15 16:53:53','2016-07-15 16:53:53',19),(195,'376-400','194-207','','','','','bulk','bulk','2016-07-15 16:53:53','2016-07-15 16:53:53',19),(196,'Drill barge','','','','','','bulk','bulk','2016-07-15 16:53:53','2016-07-15 16:53:53',20),(197,'Drillship','','','','','','bulk','bulk','2016-07-15 16:53:53','2016-07-15 16:53:53',20),(198,'Jackup','','','','','','bulk','bulk','2016-07-15 16:53:53','2016-07-15 16:53:53',20),(199,'Semisubmersible','','','','','','bulk','bulk','2016-07-15 16:53:53','2016-07-15 16:53:53',20),(200,'Tender','','','','','','bulk','bulk','2016-07-15 16:53:53','2016-07-15 16:53:53',20),(201,'Land Rig','','','','','','bulk','bulk','2016-07-15 16:53:53','2016-07-15 16:53:53',20),(202,'Intervention vessel','','','','','','bulk','bulk','2016-07-15 16:53:53','2016-07-15 16:53:53',20),(203,'Stimulation Vessel','','','','','','bulk','bulk','2016-07-15 16:53:53','2016-07-15 16:53:53',20),(204,'Fixed Platform','','','','','','bulk','bulk','2016-07-15 16:53:53','2016-07-15 16:53:53',20),(205,'Production Facility','','','','','','bulk','bulk','2016-07-15 16:53:53','2016-07-15 16:53:53',20);
/*!40000 ALTER TABLE `referencevalues` ENABLE KEYS */;
UNLOCK TABLES;

--
-- Table structure for table `regions`
--

DROP TABLE IF EXISTS `regions`;
/*!40101 SET @saved_cs_client     = @@character_set_client */;
/*!40101 SET character_set_client = utf8 */;
CREATE TABLE `regions` (
  `id` bigint(20) NOT NULL AUTO_INCREMENT,
  `name` varchar(100) NOT NULL,
  `createdBy` varchar(50) NOT NULL,
  `updatedBy` varchar(50) NOT NULL,
  `createdAt` datetime NOT NULL,
  `updatedAt` datetime NOT NULL,
  `areaId` bigint(20) DEFAULT NULL,
  `geoMarketId` bigint(20) DEFAULT NULL,
  `countryId` bigint(20) DEFAULT NULL,
  PRIMARY KEY (`id`),
  KEY `areaId` (`areaId`),
  KEY `geoMarketId` (`geoMarketId`),
  KEY `countryId` (`countryId`),
  CONSTRAINT `regions_ibfk_1` FOREIGN KEY (`areaId`) REFERENCES `areas` (`id`) ON DELETE SET NULL ON UPDATE CASCADE,
  CONSTRAINT `regions_ibfk_2` FOREIGN KEY (`geoMarketId`) REFERENCES `geomarkets` (`id`) ON DELETE SET NULL ON UPDATE CASCADE,
  CONSTRAINT `regions_ibfk_3` FOREIGN KEY (`countryId`) REFERENCES `countries` (`id`) ON DELETE SET NULL ON UPDATE CASCADE
) ENGINE=InnoDB AUTO_INCREMENT=5 DEFAULT CHARSET=utf8;
/*!40101 SET character_set_client = @saved_cs_client */;

--
-- Dumping data for table `regions`
--

LOCK TABLES `regions` WRITE;
/*!40000 ALTER TABLE `regions` DISABLE KEYS */;
INSERT INTO `regions` VALUES (1,'United States','bulk','bulk','2016-07-15 17:22:32','2016-07-15 17:22:32',5,10,5),(3,'Canada','bulk','bulk','2016-07-15 17:26:58','2016-07-15 17:26:58',5,9,11),(4,'Finland','bulk','bulk','2016-07-15 17:26:58','2016-07-15 17:26:58',2,4,12);
/*!40000 ALTER TABLE `regions` ENABLE KEYS */;
UNLOCK TABLES;

--
-- Table structure for table `segments`
--

DROP TABLE IF EXISTS `segments`;
/*!40101 SET @saved_cs_client     = @@character_set_client */;
/*!40101 SET character_set_client = utf8 */;
CREATE TABLE `segments` (
  `id` bigint(20) NOT NULL AUTO_INCREMENT,
  `businessGroupId` bigint(20) NOT NULL,
  `code` varchar(20) NOT NULL,
  `name` varchar(100) NOT NULL,
  `definition` varchar(200) NOT NULL,
  `createdBy` varchar(50) NOT NULL,
  `updatedBy` varchar(50) NOT NULL,
  `createdAt` datetime NOT NULL,
  `updatedAt` datetime NOT NULL,
  PRIMARY KEY (`id`),
  UNIQUE KEY `code` (`code`),
  UNIQUE KEY `segments_code_unique` (`code`)
) ENGINE=InnoDB DEFAULT CHARSET=utf8;
/*!40101 SET character_set_client = @saved_cs_client */;

--
-- Dumping data for table `segments`
--

LOCK TABLES `segments` WRITE;
/*!40000 ALTER TABLE `segments` DISABLE KEYS */;
/*!40000 ALTER TABLE `segments` ENABLE KEYS */;
UNLOCK TABLES;

--
-- Table structure for table `services`
--

DROP TABLE IF EXISTS `services`;
/*!40101 SET @saved_cs_client     = @@character_set_client */;
/*!40101 SET character_set_client = utf8 */;
CREATE TABLE `services` (
  `id` bigint(20) NOT NULL AUTO_INCREMENT,
  `group` varchar(20) DEFAULT NULL,
  `ssServiceType` varchar(20) DEFAULT NULL,
  `activityType` varchar(20) DEFAULT NULL,
  `createdBy` varchar(50) NOT NULL,
  `updatedBy` varchar(50) NOT NULL,
  `createdAt` datetime NOT NULL,
  `updatedAt` datetime NOT NULL,
  `subSegmentId` bigint(20) DEFAULT NULL,
  PRIMARY KEY (`id`),
  KEY `subSegmentId` (`subSegmentId`),
  CONSTRAINT `services_ibfk_1` FOREIGN KEY (`subSegmentId`) REFERENCES `subsegments` (`id`) ON DELETE SET NULL ON UPDATE CASCADE
) ENGINE=InnoDB DEFAULT CHARSET=utf8;
/*!40101 SET character_set_client = @saved_cs_client */;

--
-- Dumping data for table `services`
--

LOCK TABLES `services` WRITE;
/*!40000 ALTER TABLE `services` DISABLE KEYS */;
/*!40000 ALTER TABLE `services` ENABLE KEYS */;
UNLOCK TABLES;

--
-- Table structure for table `subgeomarkets`
--

DROP TABLE IF EXISTS `subgeomarkets`;
/*!40101 SET @saved_cs_client     = @@character_set_client */;
/*!40101 SET character_set_client = utf8 */;
CREATE TABLE `subgeomarkets` (
  `id` bigint(20) NOT NULL AUTO_INCREMENT,
  `code` varchar(5) NOT NULL,
  `name` varchar(100) DEFAULT NULL,
  `definition` varchar(200) DEFAULT NULL,
  `createdBy` varchar(50) NOT NULL,
  `updatedBy` varchar(50) NOT NULL,
  `createdAt` datetime NOT NULL,
  `updatedAt` datetime NOT NULL,
  `areaId` bigint(20) DEFAULT NULL,
  `geoMarketId` bigint(20) DEFAULT NULL,
  PRIMARY KEY (`id`),
  UNIQUE KEY `code` (`code`),
  UNIQUE KEY `subGeoMarkets_code_unique` (`code`),
  KEY `areaId` (`areaId`),
  KEY `geoMarketId` (`geoMarketId`),
  CONSTRAINT `subgeomarkets_ibfk_1` FOREIGN KEY (`areaId`) REFERENCES `areas` (`id`) ON DELETE SET NULL ON UPDATE CASCADE,
  CONSTRAINT `subgeomarkets_ibfk_2` FOREIGN KEY (`geoMarketId`) REFERENCES `geomarkets` (`id`) ON DELETE SET NULL ON UPDATE CASCADE
) ENGINE=InnoDB AUTO_INCREMENT=17 DEFAULT CHARSET=utf8;
/*!40101 SET character_set_client = @saved_cs_client */;

--
-- Dumping data for table `subgeomarkets`
--

LOCK TABLES `subgeomarkets` WRITE;
/*!40000 ALTER TABLE `subgeomarkets` DISABLE KEYS */;
INSERT INTO `subgeomarkets` VALUES (1,'APG','APG Australia - New Zealand - Papua ','APG Australia - New Zealand - Papua New Guinea','bulk','bulk','2016-07-15 16:53:53','2016-07-15 16:53:53',1,1),(2,'EMB','BMP-EMB East Malaysia Brunei','BMP-EMB East Malaysia Brunei','bulk','bulk','2016-07-15 16:53:53','2016-07-15 16:53:53',1,2),(3,'WMS','BMP-WMS West Malaysia','BMP-WMS West Malaysia','bulk','bulk','2016-07-15 16:53:53','2016-07-15 16:53:53',1,2),(4,'CHG','CHG China','CHG China','bulk','bulk','2016-07-15 16:53:53','2016-07-15 16:53:53',2,3),(5,'CHLC','CHG-CHLC China Land Central','CHG-CHLC China Land Central','bulk','bulk','2016-07-15 16:53:53','2016-07-15 16:53:53',2,3),(6,'CHLE','CHG-CHLE China Land East','CHG-CHLE China Land East','bulk','bulk','2016-07-15 16:53:53','2016-07-15 16:53:53',2,3),(7,'OJS','ING-OJS Jakarta Operation','ING-OJS Jakarta Operation','bulk','bulk','2016-07-15 16:53:53','2016-07-15 16:53:53',2,4),(8,'TMV','TMV Thailand Myanmar Vietnam','TMV Thailand Myanmar Vietnam','bulk','bulk','2016-07-15 16:53:53','2016-07-15 16:53:53',3,5),(9,'CEU','CEU Continental Europe','CEU Continental Europe','bulk','bulk','2016-07-15 16:53:53','2016-07-15 16:53:53',4,7),(10,'LIG','LIG Libya','LIG Libya','bulk','bulk','2016-07-15 16:53:53','2016-07-15 16:53:53',5,9),(11,'NAG','NAG Algeria - Tunisia','NAG Algeria - Tunisia','bulk','bulk','2016-07-15 16:53:53','2016-07-15 16:53:53',5,10),(12,'ARM','ARM - Arabian Market','ARM - Arabian Market','bulk','bulk','2016-07-15 16:53:53','2016-07-15 16:53:53',4,7),(13,'SEA','SEA - South & East Asia','SEA - South & East Asia','bulk','bulk','2016-07-15 16:53:53','2016-07-15 16:53:53',1,11),(14,'NGA','NGA - Nigeria & Africa','NGA - Nigeria & Africa','bulk','bulk','2016-07-15 16:53:53','2016-07-15 16:53:53',2,8),(15,'USL','USL - US Land','NAM - North America','bulk','bulk','2016-07-15 16:53:53','2016-07-15 16:53:53',5,10),(16,'CAN','CAN - Canada','CAN - Canada','bulk','bulk','2016-07-15 16:53:53','2016-07-15 16:53:53',5,9);
/*!40000 ALTER TABLE `subgeomarkets` ENABLE KEYS */;
UNLOCK TABLES;

--
-- Table structure for table `subsegments`
--

DROP TABLE IF EXISTS `subsegments`;
/*!40101 SET @saved_cs_client     = @@character_set_client */;
/*!40101 SET character_set_client = utf8 */;
CREATE TABLE `subsegments` (
  `id` bigint(20) NOT NULL AUTO_INCREMENT,
  `code` varchar(20) NOT NULL,
  `name` varchar(100) NOT NULL,
  `definition` varchar(200) NOT NULL,
  `createdBy` varchar(50) NOT NULL,
  `updatedBy` varchar(50) NOT NULL,
  `createdAt` datetime NOT NULL,
  `updatedAt` datetime NOT NULL,
  `segmentId` bigint(20) DEFAULT NULL,
  PRIMARY KEY (`id`),
  UNIQUE KEY `code` (`code`),
  UNIQUE KEY `subSegments_code_unique` (`code`),
  KEY `segmentId` (`segmentId`),
  CONSTRAINT `subsegments_ibfk_1` FOREIGN KEY (`segmentId`) REFERENCES `segments` (`id`) ON DELETE SET NULL ON UPDATE CASCADE
) ENGINE=InnoDB DEFAULT CHARSET=utf8;
/*!40101 SET character_set_client = @saved_cs_client */;

--
-- Dumping data for table `subsegments`
--

LOCK TABLES `subsegments` WRITE;
/*!40000 ALTER TABLE `subsegments` DISABLE KEYS */;
/*!40000 ALTER TABLE `subsegments` ENABLE KEYS */;
UNLOCK TABLES;

--
-- Table structure for table `units`
--

DROP TABLE IF EXISTS `units`;
/*!40101 SET @saved_cs_client     = @@character_set_client */;
/*!40101 SET character_set_client = utf8 */;
CREATE TABLE `units` (
  `id` bigint(20) NOT NULL AUTO_INCREMENT,
  `name` varchar(20) NOT NULL,
  `status` varchar(20) NOT NULL,
  `buildDate` datetime DEFAULT NULL,
  `description` text,
  `unitRate` int(11) DEFAULT NULL,
  `createdBy` varchar(50) NOT NULL,
  `updatedBy` varchar(50) NOT NULL,
  `createdAt` datetime NOT NULL,
  `updatedAt` datetime NOT NULL,
  `geoMarketId` bigint(20) DEFAULT NULL,
  `countryId` bigint(20) DEFAULT NULL,
  `unitOperatorId` bigint(20) DEFAULT NULL,
  `unitTypeId` bigint(20) DEFAULT NULL,
  `unitSubTypeId` bigint(20) DEFAULT NULL,
  PRIMARY KEY (`id`),
  KEY `geoMarketId` (`geoMarketId`),
  KEY `countryId` (`countryId`),
  KEY `unitOperatorId` (`unitOperatorId`),
  KEY `unitTypeId` (`unitTypeId`),
  KEY `unitSubTypeId` (`unitSubTypeId`),
  CONSTRAINT `units_ibfk_1` FOREIGN KEY (`geoMarketId`) REFERENCES `geomarkets` (`id`) ON DELETE SET NULL ON UPDATE CASCADE,
  CONSTRAINT `units_ibfk_2` FOREIGN KEY (`countryId`) REFERENCES `countries` (`id`) ON DELETE SET NULL ON UPDATE CASCADE,
  CONSTRAINT `units_ibfk_3` FOREIGN KEY (`unitOperatorId`) REFERENCES `referencevalues` (`id`) ON DELETE SET NULL ON UPDATE CASCADE,
  CONSTRAINT `units_ibfk_4` FOREIGN KEY (`unitTypeId`) REFERENCES `referencevalues` (`id`) ON DELETE SET NULL ON UPDATE CASCADE,
  CONSTRAINT `units_ibfk_5` FOREIGN KEY (`unitSubTypeId`) REFERENCES `referencevalues` (`id`) ON DELETE SET NULL ON UPDATE CASCADE
) ENGINE=InnoDB AUTO_INCREMENT=12 DEFAULT CHARSET=utf8;
/*!40101 SET character_set_client = @saved_cs_client */;

--
-- Dumping data for table `units`
--

LOCK TABLES `units` WRITE;
/*!40000 ALTER TABLE `units` DISABLE KEYS */;
INSERT INTO `units` VALUES (2,'Rig1','Active',NULL,NULL,NULL,'Bulk','Bulk','2016-05-19 00:00:00','2016-05-19 00:00:00',NULL,NULL,1,1,196),(3,'362 Rig 2','Active',NULL,NULL,NULL,'Bulk','Bulk','2016-05-19 00:00:00','2016-05-19 00:00:00',NULL,NULL,2,2,197),(4,'Rig 3','Active',NULL,NULL,NULL,'Bulk','Bulk','2016-05-19 00:00:00','2016-05-19 00:00:00',NULL,NULL,5,1,205),(5,'Rig 4 Mast','Unassigned',NULL,NULL,2,'Bulk','Bulk','2016-06-08 02:08:44','2016-06-08 02:08:44',NULL,NULL,2,2,201),(6,'Rig Dolphin','Assigned',NULL,NULL,1,'Bulk','Bulk','2016-06-08 02:08:44','2016-06-08 02:08:44',NULL,NULL,5,1,202),(7,'Sharknado','Inactive',NULL,NULL,NULL,'Bulk','Bulk','2016-06-08 02:08:44','2016-06-08 02:08:44',NULL,NULL,5,2,201),(8,'Blue Whale','Assigned',NULL,'Rig 28',NULL,'Bulk','Bulk','2016-06-08 00:00:00','2016-06-08 00:00:00',NULL,NULL,5,2,201),(9,'Shamu','Unassigned',NULL,'Testing Hoist',NULL,'Bulk','Bulk','2016-06-08 00:00:00','2016-06-08 00:00:00',NULL,NULL,6,2,197),(10,'Nemo','Inactive',NULL,'Workover Unit',20000,'Bulk','Bulk','2016-06-08 00:00:00','2016-06-01 00:00:00',NULL,NULL,7,1,197),(11,'Dory','Unassigned',NULL,'Hoist',22000,'Bulk','Bulk','2016-06-08 00:00:00','2016-06-01 00:00:00',NULL,NULL,8,1,197);
/*!40000 ALTER TABLE `units` ENABLE KEYS */;
UNLOCK TABLES;

--
-- Table structure for table `wells`
--

DROP TABLE IF EXISTS `wells`;
/*!40101 SET @saved_cs_client     = @@character_set_client */;
/*!40101 SET character_set_client = utf8 */;
CREATE TABLE `wells` (
  `id` bigint(20) NOT NULL AUTO_INCREMENT,
  `name` varchar(100) NOT NULL,
  `abbreviation` varchar(100) DEFAULT NULL,
  `spudDate` datetime DEFAULT NULL,
  `latitude` varchar(10) DEFAULT NULL,
  `longitude` varchar(10) DEFAULT NULL,
  `uwi` varchar(64) DEFAULT NULL,
  `waterDepth` int(11) DEFAULT NULL,
  `deviation` int(11) DEFAULT NULL,
  `operatorName` varchar(200) DEFAULT NULL,
  `createdBy` varchar(50) NOT NULL,
  `updatedBy` varchar(50) NOT NULL,
  `createdAt` datetime NOT NULL,
  `updatedAt` datetime NOT NULL,
  `subGeoMarketId` bigint(20) DEFAULT NULL,
  `countryId` bigint(20) DEFAULT NULL,
  `regionId` bigint(20) DEFAULT NULL,
  `countyId` bigint(20) DEFAULT NULL,
  `customerId` bigint(20) DEFAULT NULL,
  `assetId` bigint(20) DEFAULT NULL,
  `fieldId` bigint(20) DEFAULT NULL,
  `wellEnvironmentId` bigint(20) DEFAULT NULL,
  `wellDrillingValueId` bigint(20) DEFAULT NULL,
  `wellTypeId` bigint(20) DEFAULT NULL,
  `wellGeometryValueId` bigint(20) DEFAULT NULL,
  `wellCompletionTypeId` bigint(20) DEFAULT NULL,
  `wellStatusId` bigint(20) DEFAULT NULL,
  `wellTemperatureId` bigint(20) DEFAULT NULL,
  `wellPressureId` bigint(20) DEFAULT NULL,
  `wellProjectedMeasuredDepthId` bigint(20) DEFAULT NULL,
  `wellProjectedVerticalDepthId` bigint(20) DEFAULT NULL,
  PRIMARY KEY (`id`),
  KEY `subGeoMarketId` (`subGeoMarketId`),
  KEY `countryId` (`countryId`),
  KEY `regionId` (`regionId`),
  KEY `countyId` (`countyId`),
  KEY `customerId` (`customerId`),
  KEY `assetId` (`assetId`),
  KEY `fieldId` (`fieldId`),
  KEY `wellEnvironmentId` (`wellEnvironmentId`),
  KEY `wellDrillingValueId` (`wellDrillingValueId`),
  KEY `wellTypeId` (`wellTypeId`),
  KEY `wellGeometryValueId` (`wellGeometryValueId`),
  KEY `wellCompletionTypeId` (`wellCompletionTypeId`),
  KEY `wellStatusId` (`wellStatusId`),
  KEY `wellTemperatureId` (`wellTemperatureId`),
  KEY `wellPressureId` (`wellPressureId`),
  KEY `wellProjectedMeasuredDepthId` (`wellProjectedMeasuredDepthId`),
  KEY `wellProjectedVerticalDepthId` (`wellProjectedVerticalDepthId`),
  CONSTRAINT `wells_ibfk_1` FOREIGN KEY (`subGeoMarketId`) REFERENCES `subgeomarkets` (`id`) ON DELETE SET NULL ON UPDATE CASCADE,
  CONSTRAINT `wells_ibfk_10` FOREIGN KEY (`wellTypeId`) REFERENCES `referencevalues` (`id`) ON DELETE SET NULL ON UPDATE CASCADE,
  CONSTRAINT `wells_ibfk_11` FOREIGN KEY (`wellGeometryValueId`) REFERENCES `referencevalues` (`id`) ON DELETE SET NULL ON UPDATE CASCADE,
  CONSTRAINT `wells_ibfk_12` FOREIGN KEY (`wellCompletionTypeId`) REFERENCES `referencevalues` (`id`) ON DELETE SET NULL ON UPDATE CASCADE,
  CONSTRAINT `wells_ibfk_13` FOREIGN KEY (`wellStatusId`) REFERENCES `referencevalues` (`id`) ON DELETE SET NULL ON UPDATE CASCADE,
  CONSTRAINT `wells_ibfk_14` FOREIGN KEY (`wellTemperatureId`) REFERENCES `referencevalues` (`id`) ON DELETE SET NULL ON UPDATE CASCADE,
  CONSTRAINT `wells_ibfk_15` FOREIGN KEY (`wellPressureId`) REFERENCES `referencevalues` (`id`) ON DELETE SET NULL ON UPDATE CASCADE,
  CONSTRAINT `wells_ibfk_16` FOREIGN KEY (`wellProjectedMeasuredDepthId`) REFERENCES `referencevalues` (`id`) ON DELETE SET NULL ON UPDATE CASCADE,
  CONSTRAINT `wells_ibfk_17` FOREIGN KEY (`wellProjectedVerticalDepthId`) REFERENCES `referencevalues` (`id`) ON DELETE SET NULL ON UPDATE CASCADE,
  CONSTRAINT `wells_ibfk_2` FOREIGN KEY (`countryId`) REFERENCES `countries` (`id`) ON DELETE SET NULL ON UPDATE CASCADE,
  CONSTRAINT `wells_ibfk_3` FOREIGN KEY (`regionId`) REFERENCES `regions` (`id`) ON DELETE SET NULL ON UPDATE CASCADE,
  CONSTRAINT `wells_ibfk_4` FOREIGN KEY (`countyId`) REFERENCES `counties` (`id`) ON DELETE SET NULL ON UPDATE CASCADE,
  CONSTRAINT `wells_ibfk_5` FOREIGN KEY (`customerId`) REFERENCES `customers` (`id`) ON DELETE SET NULL ON UPDATE CASCADE,
  CONSTRAINT `wells_ibfk_6` FOREIGN KEY (`assetId`) REFERENCES `assets` (`id`) ON DELETE SET NULL ON UPDATE CASCADE,
  CONSTRAINT `wells_ibfk_7` FOREIGN KEY (`fieldId`) REFERENCES `fields` (`id`) ON DELETE SET NULL ON UPDATE CASCADE,
  CONSTRAINT `wells_ibfk_8` FOREIGN KEY (`wellEnvironmentId`) REFERENCES `referencevalues` (`id`) ON DELETE SET NULL ON UPDATE CASCADE,
  CONSTRAINT `wells_ibfk_9` FOREIGN KEY (`wellDrillingValueId`) REFERENCES `referencevalues` (`id`) ON DELETE SET NULL ON UPDATE CASCADE
) ENGINE=InnoDB AUTO_INCREMENT=2 DEFAULT CHARSET=utf8;
/*!40101 SET character_set_client = @saved_cs_client */;

--
-- Dumping data for table `wells`
--

LOCK TABLES `wells` WRITE;
/*!40000 ALTER TABLE `wells` DISABLE KEYS */;
INSERT INTO `wells` VALUES (1,'Well 1','WL1','2014-04-29 00:00:00','12.23','23.45','2adfare2r',NULL,NULL,NULL,'bulk','bulk','2016-05-19 00:00:00','2016-05-19 00:00:00',15,5,1,NULL,NULL,NULL,6,NULL,NULL,NULL,NULL,NULL,NULL,NULL,NULL,NULL,NULL);
/*!40000 ALTER TABLE `wells` ENABLE KEYS */;
UNLOCK TABLES;
/*!40103 SET TIME_ZONE=@OLD_TIME_ZONE */;

/*!40101 SET SQL_MODE=@OLD_SQL_MODE */;
/*!40014 SET FOREIGN_KEY_CHECKS=@OLD_FOREIGN_KEY_CHECKS */;
/*!40014 SET UNIQUE_CHECKS=@OLD_UNIQUE_CHECKS */;
/*!40101 SET CHARACTER_SET_CLIENT=@OLD_CHARACTER_SET_CLIENT */;
/*!40101 SET CHARACTER_SET_RESULTS=@OLD_CHARACTER_SET_RESULTS */;
/*!40101 SET COLLATION_CONNECTION=@OLD_COLLATION_CONNECTION */;
/*!40111 SET SQL_NOTES=@OLD_SQL_NOTES */;

-- Dump completed on 2016-07-17 23:18:55
